Date,Nifty
03-Jan-05,2115
04-Jan-05,2103.75
05-Jan-05,2032.2
06-Jan-05,1998.35
07-Jan-05,2015.5
10-Jan-05,1982
11-Jan-05,1952.05
12-Jan-05,1913.6
13-Jan-05,1954.55
14-Jan-05,1931.1
17-Jan-05,1932.9
18-Jan-05,1934.05
19-Jan-05,1926.65
20-Jan-05,1925.3
24-Jan-05,1909
25-Jan-05,1931.85
27-Jan-05,1955
28-Jan-05,2008.3
31-Jan-05,2057.6
01-Feb-05,2059.85
02-Feb-05,2052.25
03-Feb-05,2079.45
04-Feb-05,2077.95
07-Feb-05,2055.1
08-Feb-05,2055.15
09-Feb-05,2070
10-Feb-05,2063.35
11-Feb-05,2082.05
14-Feb-05,2098.25
15-Feb-05,2089.95
16-Feb-05,2068.8
17-Feb-05,2061.9
18-Feb-05,2055.55
21-Feb-05,2043.2
22-Feb-05,2058.4
23-Feb-05,2057.1
24-Feb-05,2055.3
25-Feb-05,2060.9
28-Feb-05,2103.25
01-Mar-05,2084.4
02-Mar-05,2093.25
03-Mar-05,2128.85
04-Mar-05,2148.15
07-Mar-05,2160.1
08-Mar-05,2168.95
09-Mar-05,2160.8
10-Mar-05,2167.4
11-Mar-05,2154
14-Mar-05,2146.35
15-Mar-05,2128.95
16-Mar-05,2125.55
17-Mar-05,2098.5
18-Mar-05,2109.15
21-Mar-05,2096.6
22-Mar-05,2061.6
23-Mar-05,2026.4
24-Mar-05,2015.4
28-Mar-05,2029.45
29-Mar-05,1983.85
30-Mar-05,1993.7
31-Mar-05,2035.65
01-Apr-05,2067.65
04-Apr-05,2063.4
05-Apr-05,2052.55
06-Apr-05,2069.3
07-Apr-05,2052.85
08-Apr-05,2031.2
11-Apr-05,2008.2
12-Apr-05,2024.95
13-Apr-05,2025.45
15-Apr-05,1956.3
18-Apr-05,1927.8
19-Apr-05,1909.4
20-Apr-05,1929.7
21-Apr-05,1948.55
22-Apr-05,1967.35
25-Apr-05,1970.95
26-Apr-05,1957.1
27-Apr-05,1935.4
28-Apr-05,1941.3
29-Apr-05,1902.5
02-May-05,1916.75
03-May-05,1920.7
04-May-05,1942.6
05-May-05,1963.3
06-May-05,1977.5
09-May-05,2000.75
10-May-05,1994.3
11-May-05,1985.95
12-May-05,1993.15
13-May-05,1988.3
16-May-05,2012.6
17-May-05,1990.8
18-May-05,1982.75
19-May-05,1990.85
20-May-05,1992.4
23-May-05,2013.9
24-May-05,2028.6
25-May-05,2043.85
26-May-05,2074.7
27-May-05,2076.4
30-May-05,2072.4
31-May-05,2087.55
01-Jun-05,2087.55
02-Jun-05,2064.65
03-Jun-05,2094.25
04-Jun-05,2092.35
06-Jun-05,2092.8
07-Jun-05,2098.15
08-Jun-05,2112.4
09-Jun-05,2103.2
10-Jun-05,2090.6
13-Jun-05,2102.75
14-Jun-05,2112.35
15-Jun-05,2128.65
16-Jun-05,2123.7
17-Jun-05,2123.4
20-Jun-05,2144.35
21-Jun-05,2170
22-Jun-05,2187.35
23-Jun-05,2183.85
24-Jun-05,2194.35
27-Jun-05,2199.8
28-Jun-05,2169.85
29-Jun-05,2191.65
30-Jun-05,2220.6
01-Jul-05,2211.9
04-Jul-05,2230.65
05-Jul-05,2210.75
06-Jul-05,2228.2
07-Jul-05,2179.4
08-Jul-05,2196.2
11-Jul-05,2218.85
12-Jul-05,2220.8
13-Jul-05,2204.05
14-Jul-05,2185.1
15-Jul-05,2212.55
18-Jul-05,2234
19-Jul-05,2237.3
20-Jul-05,2241.9
21-Jul-05,2230.5
22-Jul-05,2265.6
25-Jul-05,2291.75
26-Jul-05,2303.15
27-Jul-05,2319.1
29-Jul-05,2312.3
01-Aug-05,2318.05
02-Aug-05,2353.65
03-Aug-05,2357
04-Aug-05,2367.8
05-Aug-05,2361.2
08-Aug-05,2324.4
09-Aug-05,2318.7
10-Aug-05,2360.15
11-Aug-05,2380.9
12-Aug-05,2361.55
16-Aug-05,2369.8
17-Aug-05,2403.15
18-Aug-05,2388.45
19-Aug-05,2383.45
22-Aug-05,2367.85
23-Aug-05,2326.1
24-Aug-05,2322.5
25-Aug-05,2354.55
26-Aug-05,2357.05
29-Aug-05,2337.65
30-Aug-05,2367.75
31-Aug-05,2384.65
01-Sep-05,2405.75
02-Sep-05,2415.8
05-Sep-05,2422.95
06-Sep-05,2428.65
08-Sep-05,2454.45
09-Sep-05,2455.45
12-Sep-05,2484.15
13-Sep-05,2500.35
14-Sep-05,2492.45
15-Sep-05,2523.95
16-Sep-05,2552.35
19-Sep-05,2567.1
20-Sep-05,2578
21-Sep-05,2567.3
22-Sep-05,2476.5
23-Sep-05,2477.75
26-Sep-05,2557.35
27-Sep-05,2574.85
28-Sep-05,2598.05
29-Sep-05,2611.2
30-Sep-05,2601.4
03-Oct-05,2630.05
04-Oct-05,2663.35
05-Oct-05,2644.4
06-Oct-05,2579.15
07-Oct-05,2574.05
10-Oct-05,2566.85
11-Oct-05,2589.55
13-Oct-05,2537.3
14-Oct-05,2484.4
17-Oct-05,2485.15
18-Oct-05,2468.2
19-Oct-05,2412.45
20-Oct-05,2395.45
21-Oct-05,2443.75
24-Oct-05,2394.85
25-Oct-05,2418.2
26-Oct-05,2408.5
27-Oct-05,2352.9
28-Oct-05,2316.05
31-Oct-05,2370.95
01-Nov-05,2386.75
02-Nov-05,2419.05
07-Nov-05,2461.6
08-Nov-05,2492.65
09-Nov-05,2489.1
10-Nov-05,2500.7
11-Nov-05,2548.65
14-Nov-05,2558.7
16-Nov-05,2582.75
17-Nov-05,2603.95
18-Nov-05,2620.05
21-Nov-05,2602.5
22-Nov-05,2572.85
23-Nov-05,2608.6
24-Nov-05,2635
25-Nov-05,2664.3
26-Nov-05,2683.45
28-Nov-05,2712
29-Nov-05,2698.3
30-Nov-05,2652.25
01-Dec-05,2698.95
02-Dec-05,2697.95
05-Dec-05,2660.5
06-Dec-05,2662.3
07-Dec-05,2693
08-Dec-05,2706.7
09-Dec-05,2756.45
12-Dec-05,2776.2
13-Dec-05,2812.3
14-Dec-05,2804.55
15-Dec-05,2778.55
16-Dec-05,2810.15
19-Dec-05,2842.6
20-Dec-05,2826.2
21-Dec-05,2822.9
22-Dec-05,2835.25
23-Dec-05,2804.85
26-Dec-05,2749.6
27-Dec-05,2805.9
28-Dec-05,2794.05
29-Dec-05,2821.95
30-Dec-05,2836.55
02-Jan-06,2835.95
03-Jan-06,2883.35
04-Jan-06,2904.4
05-Jan-06,2899.85
06-Jan-06,2914
09-Jan-06,2910.1
10-Jan-06,2870.8
12-Jan-06,2850.7
13-Jan-06,2850.55
16-Jan-06,2833.1
17-Jan-06,2829.1
18-Jan-06,2809.2
19-Jan-06,2870.85
20-Jan-06,2900.95
23-Jan-06,2884.05
24-Jan-06,2908
25-Jan-06,2940.35
27-Jan-06,2982.75
30-Jan-06,2974.5
31-Jan-06,3001.1
01-Feb-06,2971.55
02-Feb-06,2967.45
03-Feb-06,2940.6
06-Feb-06,3000.45
07-Feb-06,3020.1
08-Feb-06,3008.95
10-Feb-06,3027.55
13-Feb-06,3041.15
14-Feb-06,3017.55
15-Feb-06,3022.2
16-Feb-06,3021.6
17-Feb-06,2981.5
20-Feb-06,3005.85
21-Feb-06,3035.5
22-Feb-06,3050.8
23-Feb-06,3062.1
24-Feb-06,3050.05
27-Feb-06,3067.45
28-Feb-06,3074.7
01-Mar-06,3123.1
02-Mar-06,3150.7
03-Mar-06,3147.35
06-Mar-06,3190.4
07-Mar-06,3182.8
08-Mar-06,3116.7
09-Mar-06,3129.1
10-Mar-06,3183.9
13-Mar-06,3202.65
14-Mar-06,3195.35
16-Mar-06,3226.6
17-Mar-06,3234.05
20-Mar-06,3265.65
21-Mar-06,3262.3
22-Mar-06,3240.15
23-Mar-06,3247.15
24-Mar-06,3279.8
27-Mar-06,3321.65
28-Mar-06,3325
29-Mar-06,3354.2
30-Mar-06,3418.95
31-Mar-06,3402.55
03-Apr-06,3473.3
04-Apr-06,3483.15
05-Apr-06,3510.9
07-Apr-06,3454.8
10-Apr-06,3478.45
12-Apr-06,3380
13-Apr-06,3345.5
17-Apr-06,3425.15
18-Apr-06,3518.1
19-Apr-06,3535.85
20-Apr-06,3573.5
21-Apr-06,3573.05
24-Apr-06,3548.9
25-Apr-06,3462.65
26-Apr-06,3555.75
27-Apr-06,3508.1
28-Apr-06,3508.35
29-Apr-06,3557.6
02-May-06,3605.45
03-May-06,3634.25
04-May-06,3648.4
05-May-06,3663.95
08-May-06,3693.15
09-May-06,3720.55
10-May-06,3754.25
11-May-06,3701.05
12-May-06,3650.05
15-May-06,3502.95
16-May-06,3523.3
17-May-06,3635.1
18-May-06,3388.9
19-May-06,3246.9
22-May-06,3081.35
23-May-06,3199.35
24-May-06,3115.55
25-May-06,3177.7
26-May-06,3209.6
29-May-06,3214.9
30-May-06,3185.3
31-May-06,3071.05
01-Jun-06,2962.25
02-Jun-06,3091.35
05-Jun-06,3016.65
06-Jun-06,2937.3
07-Jun-06,2860.45
08-Jun-06,2724.35
09-Jun-06,2866.3
12-Jun-06,2776.85
13-Jun-06,2663.3
14-Jun-06,2632.8
15-Jun-06,2798.8
16-Jun-06,2890.35
19-Jun-06,2916.9
20-Jun-06,2861.3
21-Jun-06,2923.45
22-Jun-06,2994.75
23-Jun-06,3042.7
25-Jun-06,3050.3
26-Jun-06,2943.2
27-Jun-06,2982.45
28-Jun-06,2981.1
29-Jun-06,2997.9
30-Jun-06,3128.2
03-Jul-06,3150.95
04-Jul-06,3138.65
05-Jul-06,3197.1
06-Jul-06,3156.4
07-Jul-06,3075.85
10-Jul-06,3142
11-Jul-06,3116.15
12-Jul-06,3195.9
13-Jul-06,3169.3
14-Jul-06,3123.35
17-Jul-06,3007.55
18-Jul-06,2993.65
19-Jul-06,2932.75
20-Jul-06,3023.05
21-Jul-06,2945
24-Jul-06,2985.85
25-Jul-06,3040.5
26-Jul-06,3110.15
27-Jul-06,3156.15
28-Jul-06,3130.8
31-Jul-06,3143.2
01-Aug-06,3147.8
02-Aug-06,3182.1
03-Aug-06,3190
04-Aug-06,3176.75
07-Aug-06,3151.1
08-Aug-06,3212.4
09-Aug-06,3254.6
10-Aug-06,3260.1
11-Aug-06,3274.35
14-Aug-06,3313.1
16-Aug-06,3356.05
17-Aug-06,3353.9
18-Aug-06,3356.75
21-Aug-06,3366
22-Aug-06,3364.6
23-Aug-06,3335.8
24-Aug-06,3370.4
25-Aug-06,3385.95
28-Aug-06,3401.1
29-Aug-06,3425.7
30-Aug-06,3430.35
31-Aug-06,3413.9
01-Sep-06,3435.45
04-Sep-06,3476.85
05-Sep-06,3473.75
06-Sep-06,3477.25
07-Sep-06,3454.55
08-Sep-06,3471.45
11-Sep-06,3366.15
12-Sep-06,3389.9
13-Sep-06,3454.55
14-Sep-06,3471.6
15-Sep-06,3478.6
18-Sep-06,3492.75
19-Sep-06,3457.35
20-Sep-06,3502.8
21-Sep-06,3553.05
22-Sep-06,3544.05
25-Sep-06,3523.45
26-Sep-06,3571.75
27-Sep-06,3579.3
28-Sep-06,3571.75
29-Sep-06,3588.4
03-Oct-06,3569.6
04-Oct-06,3515.35
05-Oct-06,3564.9
06-Oct-06,3569.7
09-Oct-06,3567.15
10-Oct-06,3571.05
11-Oct-06,3558.55
12-Oct-06,3621.05
13-Oct-06,3676.05
16-Oct-06,3723.95
17-Oct-06,3715
18-Oct-06,3710.65
19-Oct-06,3677.8
20-Oct-06,3676.85
21-Oct-06,3683.5
23-Oct-06,3657.3
26-Oct-06,3677.55
27-Oct-06,3739.35
30-Oct-06,3769.1
31-Oct-06,3744.1
01-Nov-06,3767.05
02-Nov-06,3791.2
03-Nov-06,3805.35
06-Nov-06,3809.25
07-Nov-06,3798.75
08-Nov-06,3777.3
09-Nov-06,3796.4
10-Nov-06,3834.75
13-Nov-06,3858.75
14-Nov-06,3865.9
15-Nov-06,3876.3
16-Nov-06,3876.85
17-Nov-06,3852.8
20-Nov-06,3856.15
21-Nov-06,3918.25
22-Nov-06,3954.75
23-Nov-06,3945.45
24-Nov-06,3950.85
27-Nov-06,3968.9
28-Nov-06,3921.75
29-Nov-06,3928.2
30-Nov-06,3954.5
01-Dec-06,3997.6
04-Dec-06,4001
05-Dec-06,4015.75
06-Dec-06,4015.95
07-Dec-06,4015.35
08-Dec-06,3962
11-Dec-06,3849.5
12-Dec-06,3716.9
13-Dec-06,3765.2
14-Dec-06,3843.05
15-Dec-06,3888.65
18-Dec-06,3928.75
19-Dec-06,3832
20-Dec-06,3815.55
21-Dec-06,3833.5
22-Dec-06,3871.15
26-Dec-06,3940.5
27-Dec-06,3974.25
28-Dec-06,3970.55
29-Dec-06,3966.4
02-Jan-07,4007.4
03-Jan-07,4024.05
04-Jan-07,3988.8
05-Jan-07,3983.4
08-Jan-07,3933.4
09-Jan-07,3911.4
10-Jan-07,3850.3
11-Jan-07,3942.25
12-Jan-07,4052.45
15-Jan-07,4078.4
16-Jan-07,4080.5
17-Jan-07,4076.45
18-Jan-07,4109.05
19-Jan-07,4090.15
22-Jan-07,4102.45
23-Jan-07,4066.1
24-Jan-07,4089.9
25-Jan-07,4147.7
29-Jan-07,4124.45
31-Jan-07,4082.7
01-Feb-07,4137.2
02-Feb-07,4183.5
05-Feb-07,4215.35
06-Feb-07,4195.9
07-Feb-07,4224.25
08-Feb-07,4223.4
09-Feb-07,4187.4
12-Feb-07,4058.3
13-Feb-07,4044.55
14-Feb-07,4047.1
15-Feb-07,4146.2
19-Feb-07,4164.55
20-Feb-07,4106.95
21-Feb-07,4096.2
22-Feb-07,4040
23-Feb-07,3938.95
26-Feb-07,3942
27-Feb-07,3893.9
28-Feb-07,3745.3
01-Mar-07,3811.2
02-Mar-07,3726.75
05-Mar-07,3576.5
06-Mar-07,3655.65
07-Mar-07,3626.85
08-Mar-07,3761.65
09-Mar-07,3718
12-Mar-07,3734.6
13-Mar-07,3770.55
14-Mar-07,3641.1
15-Mar-07,3643.6
16-Mar-07,3608.55
19-Mar-07,3678.9
20-Mar-07,3697.6
21-Mar-07,3764.55
22-Mar-07,3875.9
23-Mar-07,3861.05
26-Mar-07,3819.95
28-Mar-07,3761.1
29-Mar-07,3798.1
30-Mar-07,3821.55
02-Apr-07,3633.6
03-Apr-07,3690.65
04-Apr-07,3733.25
05-Apr-07,3752
09-Apr-07,3843.5
10-Apr-07,3848.15
11-Apr-07,3862.65
12-Apr-07,3829.85
13-Apr-07,3917.35
16-Apr-07,4013.35
17-Apr-07,3984.95
18-Apr-07,4011.6
19-Apr-07,3997.65
20-Apr-07,4083.55
23-Apr-07,4085.1
24-Apr-07,4141.8
25-Apr-07,4167.3
26-Apr-07,4177.85
27-Apr-07,4083.5
30-Apr-07,4087.9
03-May-07,4150.85
04-May-07,4117.35
07-May-07,4111.15
08-May-07,4077
09-May-07,4079.3
10-May-07,4066.8
11-May-07,4076.65
14-May-07,4134.3
15-May-07,4120.3
16-May-07,4170.95
17-May-07,4219.55
18-May-07,4214.5
21-May-07,4260.9
22-May-07,4278.1
23-May-07,4246.2
24-May-07,4204.9
25-May-07,4248.15
28-May-07,4256.55
29-May-07,4293.25
30-May-07,4249.65
31-May-07,4295.8
01-Jun-07,4297.05
04-Jun-07,4267.05
05-Jun-07,4284.65
06-Jun-07,4198.25
07-Jun-07,4179.5
08-Jun-07,4145
11-Jun-07,4145.6
12-Jun-07,4155.2
13-Jun-07,4113.05
14-Jun-07,4170
15-Jun-07,4171.45
18-Jun-07,4147.1
19-Jun-07,4214.3
20-Jun-07,4248.65
21-Jun-07,4267.4
22-Jun-07,4252.05
25-Jun-07,4259.4
26-Jun-07,4285.7
27-Jun-07,4263.95
28-Jun-07,4282
29-Jun-07,4318.3
02-Jul-07,4313.75
03-Jul-07,4357.55
04-Jul-07,4359.3
05-Jul-07,4353.95
06-Jul-07,4384.85
09-Jul-07,4419.4
10-Jul-07,4406.05
11-Jul-07,4387.15
12-Jul-07,4446.15
13-Jul-07,4504.55
16-Jul-07,4512.15
17-Jul-07,4496.75
18-Jul-07,4499.55
19-Jul-07,4562.1
20-Jul-07,4566.05
23-Jul-07,4619.35
24-Jul-07,4620.75
25-Jul-07,4588.7
26-Jul-07,4619.8
27-Jul-07,4445.2
30-Jul-07,4440.05
31-Jul-07,4528.85
01-Aug-07,4345.85
02-Aug-07,4356.35
03-Aug-07,4401.55
06-Aug-07,4339.5
07-Aug-07,4356.35
08-Aug-07,4462.1
09-Aug-07,4403.2
10-Aug-07,4333.35
13-Aug-07,4373.65
14-Aug-07,4370.2
16-Aug-07,4178.6
17-Aug-07,4108.05
20-Aug-07,4209.05
21-Aug-07,4074.9
22-Aug-07,4153.15
23-Aug-07,4114.95
24-Aug-07,4190.15
27-Aug-07,4302.6
28-Aug-07,4320.7
29-Aug-07,4359.3
30-Aug-07,4412.3
31-Aug-07,4464
03-Sep-07,4474.75
04-Sep-07,4479.25
05-Sep-07,4475.85
06-Sep-07,4518.6
07-Sep-07,4509.5
10-Sep-07,4507.85
11-Sep-07,4497.05
12-Sep-07,4496.85
13-Sep-07,4528.95
14-Sep-07,4518
17-Sep-07,4494.65
18-Sep-07,4546.2
19-Sep-07,4732.35
20-Sep-07,4747.55
21-Sep-07,4837.55
24-Sep-07,4932.2
25-Sep-07,4938.85
26-Sep-07,4940.5
27-Sep-07,5000.55
28-Sep-07,5021.35
01-Oct-07,5068.95
03-Oct-07,5210.8
04-Oct-07,5208.65
05-Oct-07,5185.85
08-Oct-07,5085.1
09-Oct-07,5327.25
10-Oct-07,5441.45
11-Oct-07,5524.85
12-Oct-07,5428.25
15-Oct-07,5670.4
16-Oct-07,5668.05
17-Oct-07,5559.3
18-Oct-07,5351
19-Oct-07,5215.3
22-Oct-07,5184
23-Oct-07,5473.7
24-Oct-07,5496.15
25-Oct-07,5568.95
26-Oct-07,5702.3
29-Oct-07,5905.9
30-Oct-07,5868.75
31-Oct-07,5900.65
01-Nov-07,5866.45
02-Nov-07,5932.4
05-Nov-07,5847.3
06-Nov-07,5786.5
07-Nov-07,5782.35
08-Nov-07,5698.75
09-Nov-07,5663.25
12-Nov-07,5617.1
13-Nov-07,5695.4
14-Nov-07,5937.9
15-Nov-07,5912.1
16-Nov-07,5906.85
19-Nov-07,5907.65
20-Nov-07,5780.9
21-Nov-07,5561.05
22-Nov-07,5519.35
23-Nov-07,5608.6
26-Nov-07,5731.7
27-Nov-07,5698.15
28-Nov-07,5617.55
29-Nov-07,5634.6
30-Nov-07,5762.75
03-Dec-07,5865
04-Dec-07,5858.35
05-Dec-07,5940
06-Dec-07,5954.7
07-Dec-07,5974.3
10-Dec-07,5960.6
11-Dec-07,6097.25
12-Dec-07,6159.3
13-Dec-07,6058.1
14-Dec-07,6047.7
17-Dec-07,5777
18-Dec-07,5742.3
19-Dec-07,5751.15
20-Dec-07,5766.5
24-Dec-07,5985.1
26-Dec-07,6070.75
27-Dec-07,6081.5
28-Dec-07,6079.7
31-Dec-07,6138.6
01-Jan-08,6144.35
02-Jan-08,6179.4
03-Jan-08,6178.55
04-Jan-08,6274.3
07-Jan-08,6279.1
08-Jan-08,6287.85
09-Jan-08,6272
10-Jan-08,6156.95
11-Jan-08,6200.1
14-Jan-08,6206.8
15-Jan-08,6074.25
16-Jan-08,5935.75
17-Jan-08,5913.2
18-Jan-08,5705.3
21-Jan-08,5208.8
22-Jan-08,4899.3
23-Jan-08,5203.4
24-Jan-08,5033.45
25-Jan-08,5383.35
28-Jan-08,5274.1
29-Jan-08,5280.8
30-Jan-08,5167.6
31-Jan-08,5137.45
01-Feb-08,5317.25
04-Feb-08,5463.5
05-Feb-08,5483.9
06-Feb-08,5322.55
07-Feb-08,5133.25
08-Feb-08,5120.35
11-Feb-08,4857
12-Feb-08,4838.25
13-Feb-08,4929.45
14-Feb-08,5202
15-Feb-08,5302.9
18-Feb-08,5276.9
19-Feb-08,5280.8
20-Feb-08,5154.45
21-Feb-08,5191.8
22-Feb-08,5110.75
25-Feb-08,5200.7
26-Feb-08,5270.05
27-Feb-08,5268.4
28-Feb-08,5285.1
29-Feb-08,5223.5
03-Mar-08,4953
04-Mar-08,4864.25
05-Mar-08,4921.4
07-Mar-08,4771.6
10-Mar-08,4800.4
11-Mar-08,4865.9
12-Mar-08,4872
13-Mar-08,4623.6
14-Mar-08,4745.8
17-Mar-08,4503.1
18-Mar-08,4533
19-Mar-08,4573.95
24-Mar-08,4609.85
25-Mar-08,4877.5
26-Mar-08,4828.85
27-Mar-08,4830.25
28-Mar-08,4942
31-Mar-08,4734.5
01-Apr-08,4739.55
02-Apr-08,4754.2
03-Apr-08,4771.6
04-Apr-08,4647
07-Apr-08,4761.2
08-Apr-08,4709.65
09-Apr-08,4747.05
10-Apr-08,4733
11-Apr-08,4777.8
15-Apr-08,4879.65
16-Apr-08,4887.3
17-Apr-08,4958.4
21-Apr-08,5037
22-Apr-08,5049.3
23-Apr-08,5022.8
24-Apr-08,4999.85
25-Apr-08,5111.7
28-Apr-08,5089.65
29-Apr-08,5195.5
30-Apr-08,5165.9
02-May-08,5228.2
05-May-08,5192.25
06-May-08,5144.65
07-May-08,5135.5
08-May-08,5081.7
09-May-08,4982.6
12-May-08,5012.65
13-May-08,4957.8
14-May-08,5011.75
15-May-08,5115.25
16-May-08,5157.7
20-May-08,5104.95
21-May-08,5117.65
22-May-08,5025.45
23-May-08,4946.55
26-May-08,4875.05
27-May-08,4859.8
28-May-08,4918.35
29-May-08,4835.3
30-May-08,4870.1
02-Jun-08,4739.6
03-Jun-08,4715.9
04-Jun-08,4585.6
05-Jun-08,4676.95
06-Jun-08,4627.8
09-Jun-08,4500.95
10-Jun-08,4449.8
11-Jun-08,4523.6
12-Jun-08,4539.35
13-Jun-08,4517.1
16-Jun-08,4572.5
17-Jun-08,4653
18-Jun-08,4582.4
19-Jun-08,4504.25
20-Jun-08,4347.55
23-Jun-08,4266.4
24-Jun-08,4191.1
25-Jun-08,4252.65
26-Jun-08,4315.85
27-Jun-08,4136.65
30-Jun-08,4040.55
01-Jul-08,3896.75
02-Jul-08,4093.35
03-Jul-08,3925.75
04-Jul-08,4016
07-Jul-08,4030
08-Jul-08,3988.55
09-Jul-08,4157.1
10-Jul-08,4162.2
11-Jul-08,4049
14-Jul-08,4039.7
15-Jul-08,3861.1
16-Jul-08,3816.7
17-Jul-08,3947.2
18-Jul-08,4092.25
21-Jul-08,4159.5
22-Jul-08,4240.1
23-Jul-08,4476.8
24-Jul-08,4433.55
25-Jul-08,4311.85
28-Jul-08,4332.1
29-Jul-08,4189.85
30-Jul-08,4313.55
31-Jul-08,4332.95
01-Aug-08,4413.55
04-Aug-08,4395.35
05-Aug-08,4502.85
06-Aug-08,4517.55
07-Aug-08,4523.85
08-Aug-08,4529.5
11-Aug-08,4620.4
12-Aug-08,4552.25
13-Aug-08,4529.05
14-Aug-08,4430.7
18-Aug-08,4393.05
19-Aug-08,4368.25
20-Aug-08,4415.75
21-Aug-08,4283.85
22-Aug-08,4327.45
25-Aug-08,4335.35
26-Aug-08,4337.5
27-Aug-08,4292.1
28-Aug-08,4214
29-Aug-08,4360
01-Sep-08,4348.65
02-Sep-08,4504
04-Sep-08,4447.75
05-Sep-08,4352.3
08-Sep-08,4482.3
09-Sep-08,4468.7
10-Sep-08,4400.25
11-Sep-08,4290.3
12-Sep-08,4228.45
15-Sep-08,4072.9
16-Sep-08,4074.9
17-Sep-08,4008.25
18-Sep-08,4038.15
19-Sep-08,4245.25
22-Sep-08,4223.05
23-Sep-08,4126.9
24-Sep-08,4161.25
25-Sep-08,4110.55
26-Sep-08,3985.25
29-Sep-08,3850.05
30-Sep-08,3921.2
01-Oct-08,3950.75
03-Oct-08,3818.3
06-Oct-08,3602.35
07-Oct-08,3606.6
08-Oct-08,3513.65
10-Oct-08,3279.95
13-Oct-08,3490.7
14-Oct-08,3518.65
15-Oct-08,3338.4
16-Oct-08,3269.3
17-Oct-08,3074.35
20-Oct-08,3122.8
21-Oct-08,3234.9
22-Oct-08,3065.15
23-Oct-08,2943.15
24-Oct-08,2584
27-Oct-08,2524.2
28-Oct-08,2684.6
29-Oct-08,2697.05
31-Oct-08,2885.6
03-Nov-08,3043.85
04-Nov-08,3142.1
05-Nov-08,2994.95
06-Nov-08,2892.65
07-Nov-08,2973
10-Nov-08,3148.25
11-Nov-08,2938.65
12-Nov-08,2848.45
14-Nov-08,2810.35
17-Nov-08,2799.55
18-Nov-08,2683.15
19-Nov-08,2635
20-Nov-08,2553.15
21-Nov-08,2693.45
24-Nov-08,2708.25
25-Nov-08,2654
26-Nov-08,2752.25
28-Nov-08,2755.1
01-Dec-08,2682.9
02-Dec-08,2657.8
03-Dec-08,2656.45
04-Dec-08,2788
05-Dec-08,2714.4
08-Dec-08,2784
10-Dec-08,2928.25
11-Dec-08,2920.15
12-Dec-08,2921.35
15-Dec-08,2981.2
16-Dec-08,3041.75
17-Dec-08,2954.35
18-Dec-08,3060.75
19-Dec-08,3077.5
22-Dec-08,3039.3
23-Dec-08,2968.65
24-Dec-08,2916.85
26-Dec-08,2857.25
29-Dec-08,2922.2
30-Dec-08,2979.5
31-Dec-08,2959.15
01-Jan-09,3033.45
02-Jan-09,3046.75
05-Jan-09,3121.45
06-Jan-09,3112.8
07-Jan-09,2920.4
09-Jan-09,2873
12-Jan-09,2773.1
13-Jan-09,2744.95
14-Jan-09,2835.3
15-Jan-09,2736.7
16-Jan-09,2828.45
19-Jan-09,2846.2
20-Jan-09,2796.6
21-Jan-09,2706.15
22-Jan-09,2713.8
23-Jan-09,2678.55
27-Jan-09,2771.35
28-Jan-09,2849.5
29-Jan-09,2823.95
30-Jan-09,2874.8
02-Feb-09,2766.65
03-Feb-09,2783.9
04-Feb-09,2803.05
05-Feb-09,2780.05
06-Feb-09,2843.1
09-Feb-09,2919.9
10-Feb-09,2934.5
11-Feb-09,2925.7
12-Feb-09,2893.05
13-Feb-09,2948.35
16-Feb-09,2848.5
17-Feb-09,2770.5
18-Feb-09,2776.15
19-Feb-09,2789.35
20-Feb-09,2736.45
24-Feb-09,2733.9
25-Feb-09,2762.5
26-Feb-09,2785.65
27-Feb-09,2763.65
02-Mar-09,2674.6
03-Mar-09,2622.4
04-Mar-09,2645.2
05-Mar-09,2576.7
06-Mar-09,2620.15
09-Mar-09,2573.15
12-Mar-09,2617.45
13-Mar-09,2719.25
16-Mar-09,2777.25
17-Mar-09,2757.45
18-Mar-09,2794.7
19-Mar-09,2807.15
20-Mar-09,2807.05
23-Mar-09,2939.9
24-Mar-09,2938.7
25-Mar-09,2984.35
26-Mar-09,3082.25
27-Mar-09,3108.65
30-Mar-09,2978.15
31-Mar-09,3020.95
01-Apr-09,3060.35
02-Apr-09,3211.05
06-Apr-09,3256.6
08-Apr-09,3342.95
09-Apr-09,3342.05
13-Apr-09,3382.6
15-Apr-09,3484.15
16-Apr-09,3369.5
17-Apr-09,3384.4
20-Apr-09,3377.1
21-Apr-09,3365.3
22-Apr-09,3330.3
23-Apr-09,3423.7
24-Apr-09,3480.75
27-Apr-09,3470
28-Apr-09,3362.35
29-Apr-09,3473.95
04-May-09,3654
05-May-09,3661.9
06-May-09,3625.05
07-May-09,3683.9
08-May-09,3620.7
11-May-09,3554.6
12-May-09,3681.1
13-May-09,3635.25
14-May-09,3593.45
15-May-09,3671.65
18-May-09,4323.15
19-May-09,4318.45
20-May-09,4270.3
21-May-09,4210.9
22-May-09,4238.5
25-May-09,4237.55
26-May-09,4116.7
27-May-09,4276.05
28-May-09,4337.1
29-May-09,4448.95
01-Jun-09,4529.9
02-Jun-09,4525.25
03-Jun-09,4530.7
04-Jun-09,4572.65
05-Jun-09,4586.9
08-Jun-09,4429.9
09-Jun-09,4550.95
10-Jun-09,4655.25
11-Jun-09,4637.7
12-Jun-09,4583.4
15-Jun-09,4484
16-Jun-09,4517.8
17-Jun-09,4356.15
18-Jun-09,4251.4
19-Jun-09,4313.6
22-Jun-09,4235.25
23-Jun-09,4247
24-Jun-09,4292.95
25-Jun-09,4241.85
26-Jun-09,4375.5
29-Jun-09,4390.95
30-Jun-09,4291.1
01-Jul-09,4340.9
02-Jul-09,4348.85
03-Jul-09,4424.25
06-Jul-09,4165.7
07-Jul-09,4202.15
08-Jul-09,4078.9
09-Jul-09,4080.95
10-Jul-09,4003.9
13-Jul-09,3974.05
14-Jul-09,4111.4
15-Jul-09,4233.5
16-Jul-09,4231.4
17-Jul-09,4374.95
20-Jul-09,4502.25
21-Jul-09,4469.1
22-Jul-09,4398.9
23-Jul-09,4523.75
24-Jul-09,4568.55
27-Jul-09,4572.3
28-Jul-09,4564.1
29-Jul-09,4513.5
30-Jul-09,4571.45
31-Jul-09,4636.45
03-Aug-09,4711.4
04-Aug-09,4680.5
05-Aug-09,4694.15
06-Aug-09,4585.5
07-Aug-09,4481.4
10-Aug-09,4437.65
11-Aug-09,4471.35
12-Aug-09,4457.5
13-Aug-09,4605
14-Aug-09,4580.05
17-Aug-09,4387.9
18-Aug-09,4458.9
19-Aug-09,4394.1
20-Aug-09,4453.45
21-Aug-09,4528.8
24-Aug-09,4642.8
25-Aug-09,4659.35
26-Aug-09,4680.85
27-Aug-09,4688.2
28-Aug-09,4732.35
31-Aug-09,4662.1
01-Sep-09,4625.35
02-Sep-09,4608.35
03-Sep-09,4593.55
04-Sep-09,4680.4
07-Sep-09,4782.9
08-Sep-09,4805.25
09-Sep-09,4814.25
10-Sep-09,4819.4
11-Sep-09,4829.55
14-Sep-09,4808.6
15-Sep-09,4892.1
16-Sep-09,4958.4
17-Sep-09,4965.55
18-Sep-09,4976.05
22-Sep-09,5020.2
23-Sep-09,4969.95
24-Sep-09,4986.55
25-Sep-09,4958.95
29-Sep-09,5006.85
30-Sep-09,5083.95
01-Oct-09,5083.4
05-Oct-09,5003.2
06-Oct-09,5027.4
07-Oct-09,4985.75
08-Oct-09,5002.25
09-Oct-09,4945.2
12-Oct-09,5054.25
14-Oct-09,5118.2
15-Oct-09,5108.85
16-Oct-09,5142.15
17-Oct-09,5141.8
20-Oct-09,5114.45
21-Oct-09,5063.6
22-Oct-09,4988.6
23-Oct-09,4997.05
26-Oct-09,4970.9
27-Oct-09,4846.7
28-Oct-09,4826.15
29-Oct-09,4750.55
30-Oct-09,4711.7
03-Nov-09,4563.9
04-Nov-09,4710.8
05-Nov-09,4765.55
06-Nov-09,4796.15
09-Nov-09,4898.4
10-Nov-09,4881.7
11-Nov-09,5003.95
12-Nov-09,4952.65
13-Nov-09,4998.95
16-Nov-09,5058.05
17-Nov-09,5062.25
18-Nov-09,5054.7
19-Nov-09,4989
20-Nov-09,5052.45
23-Nov-09,5103.55
24-Nov-09,5090.55
25-Nov-09,5108.15
26-Nov-09,5005.55
27-Nov-09,4941.75
30-Nov-09,5032.7
01-Dec-09,5122
02-Dec-09,5123.25
03-Dec-09,5131.7
04-Dec-09,5108.9
07-Dec-09,5066.7
08-Dec-09,5147.95
09-Dec-09,5112
10-Dec-09,5134.65
11-Dec-09,5117.3
14-Dec-09,5105.7
15-Dec-09,5033.05
16-Dec-09,5042.05
17-Dec-09,5041.75
18-Dec-09,4987.7
21-Dec-09,4952.6
22-Dec-09,4985.85
23-Dec-09,5144.6
24-Dec-09,5178.4
29-Dec-09,5187.95
30-Dec-09,5169.45
31-Dec-09,5201.05
04-Jan-10,5232.2
05-Jan-10,5277.9
06-Jan-10,5281.8
07-Jan-10,5263.1
08-Jan-10,5244.75
11-Jan-10,5249.4
12-Jan-10,5210.4
13-Jan-10,5233.95
14-Jan-10,5259.9
15-Jan-10,5252.2
18-Jan-10,5274.85
19-Jan-10,5225.65
20-Jan-10,5221.7
21-Jan-10,5094.15
22-Jan-10,5036
25-Jan-10,5007.9
27-Jan-10,4853.1
28-Jan-10,4867.25
29-Jan-10,4882.05
01-Feb-10,4899.7
02-Feb-10,4830.1
03-Feb-10,4931.85
04-Feb-10,4845.35
05-Feb-10,4718.65
06-Feb-10,4757.25
08-Feb-10,4760.4
09-Feb-10,4792.65
10-Feb-10,4757.2
11-Feb-10,4826.85
15-Feb-10,4801.95
16-Feb-10,4855.75
17-Feb-10,4914
18-Feb-10,4887.75
19-Feb-10,4844.9
22-Feb-10,4856.4
23-Feb-10,4870.05
24-Feb-10,4858.6
25-Feb-10,4859.75
26-Feb-10,4922.3
02-Mar-10,5017
03-Mar-10,5088.1
04-Mar-10,5080.25
05-Mar-10,5088.7
08-Mar-10,5124
09-Mar-10,5101.5
10-Mar-10,5116.25
11-Mar-10,5133.4
12-Mar-10,5137
15-Mar-10,5128.9
16-Mar-10,5198.1
17-Mar-10,5231.9
18-Mar-10,5245.9
19-Mar-10,5262.8
22-Mar-10,5205.2
23-Mar-10,5225.3
25-Mar-10,5260.4
26-Mar-10,5282
29-Mar-10,5302.85
30-Mar-10,5262.45
31-Mar-10,5249.1
01-Apr-10,5290.5
05-Apr-10,5368.4
06-Apr-10,5366
07-Apr-10,5374.65
08-Apr-10,5304.45
09-Apr-10,5361.75
12-Apr-10,5339.7
13-Apr-10,5322.95
15-Apr-10,5273.6
16-Apr-10,5262.6
19-Apr-10,5203.65
20-Apr-10,5230.1
21-Apr-10,5244.9
22-Apr-10,5269.35
23-Apr-10,5304.1
26-Apr-10,5322.45
27-Apr-10,5308.35
28-Apr-10,5215.45
29-Apr-10,5254.15
30-Apr-10,5278
03-May-10,5222.75
04-May-10,5148.5
05-May-10,5124.9
06-May-10,5090.85
07-May-10,5018.05
10-May-10,5193.6
11-May-10,5136.15
12-May-10,5156.65
13-May-10,5178.9
14-May-10,5093.5
17-May-10,5059.9
18-May-10,5066.2
19-May-10,4919.65
20-May-10,4947.6
21-May-10,4931.15
24-May-10,4943.95
25-May-10,4806.75
26-May-10,4917.4
27-May-10,5003.1
28-May-10,5066.55
31-May-10,5086.3
01-Jun-10,4970.2
02-Jun-10,5019.85
03-Jun-10,5110.5
04-Jun-10,5135.5
07-Jun-10,5034
08-Jun-10,4987.1
09-Jun-10,5000.3
10-Jun-10,5078.6
11-Jun-10,5119.35
14-Jun-10,5197.7
15-Jun-10,5222.35
16-Jun-10,5233.35
17-Jun-10,5274.85
18-Jun-10,5262.6
21-Jun-10,5353.3
22-Jun-10,5316.55
23-Jun-10,5323.15
24-Jun-10,5320.6
25-Jun-10,5269.05
28-Jun-10,5333.5
29-Jun-10,5256.15
30-Jun-10,5312.5
01-Jul-10,5251.4
02-Jul-10,5237.1
05-Jul-10,5235.9
06-Jul-10,5289.05
07-Jul-10,5241.1
08-Jul-10,5296.85
09-Jul-10,5352.45
12-Jul-10,5383
13-Jul-10,5400.65
14-Jul-10,5386.15
15-Jul-10,5378.75
16-Jul-10,5393.9
19-Jul-10,5386.45
20-Jul-10,5368
21-Jul-10,5399.35
22-Jul-10,5441.95
23-Jul-10,5449.1
26-Jul-10,5418.6
27-Jul-10,5430.6
28-Jul-10,5397.55
29-Jul-10,5408.9
30-Jul-10,5367.6
02-Aug-10,5431.65
03-Aug-10,5439.55
04-Aug-10,5467.85
05-Aug-10,5447.1
06-Aug-10,5439.25
09-Aug-10,5486.15
10-Aug-10,5460.7
11-Aug-10,5420.6
12-Aug-10,5416.45
13-Aug-10,5452.1
16-Aug-10,5418.3
17-Aug-10,5414.15
18-Aug-10,5479.15
19-Aug-10,5540.2
20-Aug-10,5530.65
23-Aug-10,5543.5
24-Aug-10,5505.1
25-Aug-10,5462.35
26-Aug-10,5477.9
27-Aug-10,5408.7
30-Aug-10,5415.45
31-Aug-10,5402.4
01-Sep-10,5471.85
02-Sep-10,5486.15
03-Sep-10,5479.4
06-Sep-10,5576.95
07-Sep-10,5604
08-Sep-10,5607.85
09-Sep-10,5640.05
13-Sep-10,5760
14-Sep-10,5795.55
15-Sep-10,5860.95
16-Sep-10,5828.7
17-Sep-10,5884.95
20-Sep-10,5980.45
21-Sep-10,6009.05
22-Sep-10,5991
23-Sep-10,5959.55
24-Sep-10,6018.3
27-Sep-10,6035.65
28-Sep-10,6029.5
29-Sep-10,5991.3
30-Sep-10,6029.95
01-Oct-10,6143.4
04-Oct-10,6159.45
05-Oct-10,6145.8
06-Oct-10,6186.45
07-Oct-10,6120.3
08-Oct-10,6103.45
11-Oct-10,6135.85
12-Oct-10,6090.9
13-Oct-10,6233.9
14-Oct-10,6177.35
15-Oct-10,6062.65
18-Oct-10,6075.95
19-Oct-10,6027.3
20-Oct-10,5982.1
21-Oct-10,6101.5
22-Oct-10,6066.05
25-Oct-10,6105.8
26-Oct-10,6082
27-Oct-10,6012.65
28-Oct-10,5987.7
29-Oct-10,6017.7
01-Nov-10,6117.55
02-Nov-10,6119
03-Nov-10,6160.5
04-Nov-10,6281.8
05-Nov-10,6312.45
08-Nov-10,6273.2
09-Nov-10,6301.55
10-Nov-10,6275.7
11-Nov-10,6194.25
12-Nov-10,6071.65
15-Nov-10,6121.6
16-Nov-10,5988.7
18-Nov-10,5998.8
19-Nov-10,5890.3
22-Nov-10,6010
23-Nov-10,5934.75
24-Nov-10,5865.75
25-Nov-10,5799.75
26-Nov-10,5751.95
29-Nov-10,5830
30-Nov-10,5862.7
01-Dec-10,5960.9
02-Dec-10,6011.7
03-Dec-10,5992.8
06-Dec-10,5992.25
07-Dec-10,5976.55
08-Dec-10,5903.7
09-Dec-10,5766.5
10-Dec-10,5857.35
13-Dec-10,5907.65
14-Dec-10,5944.1
15-Dec-10,5892.3
16-Dec-10,5948.75
20-Dec-10,5947.05
21-Dec-10,6000.65
22-Dec-10,5984.4
23-Dec-10,5980
24-Dec-10,6011.6
27-Dec-10,5998.1
28-Dec-10,5996
29-Dec-10,6060.35
30-Dec-10,6101.85
31-Dec-10,6134.5
03-Jan-11,6157.6
04-Jan-11,6146.35
05-Jan-11,6079.8
06-Jan-11,6048.25
07-Jan-11,5904.6
10-Jan-11,5762.85
11-Jan-11,5754.1
12-Jan-11,5863.25
13-Jan-11,5751.9
14-Jan-11,5654.55
17-Jan-11,5654.75
18-Jan-11,5724.05
19-Jan-11,5691.05
20-Jan-11,5711.6
21-Jan-11,5696.5
24-Jan-11,5743.25
25-Jan-11,5687.4
27-Jan-11,5604.3
28-Jan-11,5512.15
31-Jan-11,5505.9
01-Feb-11,5417.2
02-Feb-11,5432
03-Feb-11,5526.75
04-Feb-11,5395.75
07-Feb-11,5396
08-Feb-11,5312.55
09-Feb-11,5253.55
10-Feb-11,5225.8
11-Feb-11,5310
14-Feb-11,5456
15-Feb-11,5481
16-Feb-11,5481.7
17-Feb-11,5546.45
18-Feb-11,5458.95
21-Feb-11,5518.6
22-Feb-11,5469.2
23-Feb-11,5437.35
24-Feb-11,5262.7
25-Feb-11,5303.55
28-Feb-11,5333.25
01-Mar-11,5522.3
03-Mar-11,5536.2
04-Mar-11,5538.75
07-Mar-11,5463.15
08-Mar-11,5520.8
09-Mar-11,5531
10-Mar-11,5494.4
11-Mar-11,5445.45
14-Mar-11,5531.5
15-Mar-11,5449.65
16-Mar-11,5511.15
17-Mar-11,5446.65
18-Mar-11,5373.7
21-Mar-11,5364.75
22-Mar-11,5413.85
23-Mar-11,5480.25
24-Mar-11,5522.4
25-Mar-11,5654.25
28-Mar-11,5687.25
29-Mar-11,5736.35
30-Mar-11,5787.65
31-Mar-11,5833.75
01-Apr-11,5826.05
04-Apr-11,5908.45
05-Apr-11,5910.05
06-Apr-11,5891.75
07-Apr-11,5885.7
08-Apr-11,5842
11-Apr-11,5785.7
13-Apr-11,5911.5
15-Apr-11,5824.55
18-Apr-11,5729.1
19-Apr-11,5740.75
20-Apr-11,5851.65
21-Apr-11,5884.7
25-Apr-11,5874.5
26-Apr-11,5868.4
27-Apr-11,5833.9
28-Apr-11,5785.45
29-Apr-11,5749.5
02-May-11,5701.3
03-May-11,5565.25
04-May-11,5537.15
05-May-11,5459.85
06-May-11,5551.45
09-May-11,5551.1
10-May-11,5541.25
11-May-11,5565.05
12-May-11,5486.15
13-May-11,5544.75
16-May-11,5499
17-May-11,5438.95
18-May-11,5420.6
19-May-11,5428.1
20-May-11,5486.35
23-May-11,5386.55
24-May-11,5394.85
25-May-11,5348.95
26-May-11,5412.35
27-May-11,5476.1
30-May-11,5473.1
31-May-11,5560.15
01-Jun-11,5592
02-Jun-11,5550.35
03-Jun-11,5516.75
06-Jun-11,5532.05
07-Jun-11,5556.15
08-Jun-11,5526.85
09-Jun-11,5521.05
10-Jun-11,5485.8
13-Jun-11,5482.8
14-Jun-11,5500.5
15-Jun-11,5447.5
16-Jun-11,5396.75
17-Jun-11,5366.4
20-Jun-11,5257.9
21-Jun-11,5275.85
22-Jun-11,5278.3
23-Jun-11,5320
24-Jun-11,5471.25
27-Jun-11,5526.6
28-Jun-11,5545.3
29-Jun-11,5600.45
30-Jun-11,5647.4
01-Jul-11,5627.2
04-Jul-11,5650.5
05-Jul-11,5632.1
06-Jul-11,5625.45
07-Jul-11,5728.95
08-Jul-11,5660.65
11-Jul-11,5616.1
12-Jul-11,5526.15
13-Jul-11,5585.45
14-Jul-11,5599.8
15-Jul-11,5581.1
18-Jul-11,5567.05
19-Jul-11,5613.55
20-Jul-11,5567.05
21-Jul-11,5541.6
22-Jul-11,5633.95
25-Jul-11,5680.3
26-Jul-11,5574.85
27-Jul-11,5546.8
28-Jul-11,5487.75
29-Jul-11,5482
01-Aug-11,5516.8
02-Aug-11,5456.55
03-Aug-11,5404.8
04-Aug-11,5331.8
05-Aug-11,5211.25
08-Aug-11,5118.5
09-Aug-11,5072.85
10-Aug-11,5161
11-Aug-11,5138.3
12-Aug-11,5072.95
16-Aug-11,5035.8
17-Aug-11,5056.6
18-Aug-11,4944.15
19-Aug-11,4845.65
22-Aug-11,4898.8
23-Aug-11,4948.9
24-Aug-11,4888.9
25-Aug-11,4839.6
26-Aug-11,4747.8
29-Aug-11,4919.6
30-Aug-11,5001
02-Sep-11,5040
05-Sep-11,5017.2
06-Sep-11,5064.3
07-Sep-11,5124.65
08-Sep-11,5153.25
09-Sep-11,5059.45
12-Sep-11,4946.8
13-Sep-11,4940.95
14-Sep-11,5012.55
15-Sep-11,5075.7
16-Sep-11,5084.25
19-Sep-11,5031.95
20-Sep-11,5140.2
21-Sep-11,5133.25
22-Sep-11,4923.65
23-Sep-11,4867.75
26-Sep-11,4835.4
27-Sep-11,4971.25
28-Sep-11,4945.9
29-Sep-11,5015.45
30-Sep-11,4943.25
03-Oct-11,4849.5
04-Oct-11,4772.15
05-Oct-11,4751.3
07-Oct-11,4888.05
10-Oct-11,4979.6
11-Oct-11,4974.35
12-Oct-11,5099.4
13-Oct-11,5077.85
14-Oct-11,5132.3
17-Oct-11,5118.25
18-Oct-11,5037.5
19-Oct-11,5139.15
20-Oct-11,5091.9
21-Oct-11,5049.95
24-Oct-11,5098.35
25-Oct-11,5191.6
26-Oct-11,5201.8
28-Oct-11,5360.7
31-Oct-11,5326.6
01-Nov-11,5257.95
02-Nov-11,5258.45
03-Nov-11,5265.75
04-Nov-11,5284.2
08-Nov-11,5289.35
09-Nov-11,5221.05
11-Nov-11,5168.85
14-Nov-11,5148.35
15-Nov-11,5068.5
16-Nov-11,5030.45
17-Nov-11,4934.75
18-Nov-11,4905.8
21-Nov-11,4778.35
22-Nov-11,4812.35
23-Nov-11,4706.45
24-Nov-11,4756.45
25-Nov-11,4710.05
28-Nov-11,4851.3
29-Nov-11,4805.1
30-Nov-11,4832.05
01-Dec-11,4936.85
02-Dec-11,5050.15
05-Dec-11,5039.15
07-Dec-11,5062.6
08-Dec-11,4943.65
09-Dec-11,4866.7
12-Dec-11,4764.6
13-Dec-11,4800.6
14-Dec-11,4763.25
15-Dec-11,4746.35
16-Dec-11,4651.6
19-Dec-11,4613.1
20-Dec-11,4544.2
21-Dec-11,4693.15
22-Dec-11,4733.85
23-Dec-11,4714
26-Dec-11,4779
27-Dec-11,4750.5
28-Dec-11,4705.8
29-Dec-11,4646.25
30-Dec-11,4624.3
02-Jan-12,4636.75
03-Jan-12,4765.3
04-Jan-12,4749.65
05-Jan-12,4749.95
06-Jan-12,4754.1
07-Jan-12,4746.9
09-Jan-12,4742.8
10-Jan-12,4849.55
11-Jan-12,4860.95
12-Jan-12,4831.25
13-Jan-12,4866
16-Jan-12,4873.9
17-Jan-12,4967.3
18-Jan-12,4955.8
19-Jan-12,5018.4
20-Jan-12,5048.6
23-Jan-12,5046.25
24-Jan-12,5127.35
25-Jan-12,5158.3
27-Jan-12,5204.7
30-Jan-12,5087.3
31-Jan-12,5199.25
01-Feb-12,5235.7
02-Feb-12,5269.9
03-Feb-12,5325.85
06-Feb-12,5361.65
07-Feb-12,5335.15
08-Feb-12,5368.15
09-Feb-12,5412.35
10-Feb-12,5381.6
13-Feb-12,5390.2
14-Feb-12,5416.05
15-Feb-12,5531.95
16-Feb-12,5521.95
17-Feb-12,5564.3
21-Feb-12,5607.15
22-Feb-12,5505.35
23-Feb-12,5483.3
24-Feb-12,5429.3
27-Feb-12,5281.2
28-Feb-12,5375.5
29-Feb-12,5385.2
01-Mar-12,5339.75
02-Mar-12,5359.35
03-Mar-12,5359.4
05-Mar-12,5280.35
06-Mar-12,5222.4
07-Mar-12,5220.45
09-Mar-12,5333.55
12-Mar-12,5359.55
13-Mar-12,5429.5
14-Mar-12,5463.9
15-Mar-12,5380.5
16-Mar-12,5317.9
19-Mar-12,5257.05
20-Mar-12,5274.85
21-Mar-12,5364.95
22-Mar-12,5228.45
23-Mar-12,5278.2
26-Mar-12,5184.25
27-Mar-12,5243.15
28-Mar-12,5194.75
29-Mar-12,5178.85
30-Mar-12,5295.55
02-Apr-12,5317.9
03-Apr-12,5358.5
04-Apr-12,5322.9
09-Apr-12,5234.4
10-Apr-12,5243.6
11-Apr-12,5226.85
12-Apr-12,5276.85
13-Apr-12,5207.45
16-Apr-12,5226.2
17-Apr-12,5289.7
18-Apr-12,5300
19-Apr-12,5332.4
20-Apr-12,5290.85
23-Apr-12,5200.6
24-Apr-12,5222.65
25-Apr-12,5202
26-Apr-12,5189
27-Apr-12,5190.6
28-Apr-12,5209
30-Apr-12,5248.15
02-May-12,5239.15
03-May-12,5188.4
04-May-12,5086.85
07-May-12,5114.15
08-May-12,4999.95
09-May-12,4974.8
10-May-12,4965.7
11-May-12,4928.9
14-May-12,4907.8
15-May-12,4942.8
16-May-12,4858.25
17-May-12,4870.2
18-May-12,4891.45
21-May-12,4906.05
22-May-12,4860.5
23-May-12,4835.65
24-May-12,4921.4
25-May-12,4920.4
28-May-12,4985.65
29-May-12,4990.1
30-May-12,4950.75
31-May-12,4924.25
01-Jun-12,4841.6
04-Jun-12,4848.15
05-Jun-12,4863.3
06-Jun-12,4997.1
07-Jun-12,5049.65
08-Jun-12,5068.35
11-Jun-12,5054.1
12-Jun-12,5115.9
13-Jun-12,5121.45
14-Jun-12,5054.75
15-Jun-12,5139.05
18-Jun-12,5064.25
19-Jun-12,5103.85
20-Jun-12,5120.55
21-Jun-12,5165
22-Jun-12,5146.05
25-Jun-12,5114.65
26-Jun-12,5120.8
27-Jun-12,5141.9
28-Jun-12,5149.15
29-Jun-12,5278.9
02-Jul-12,5278.6
03-Jul-12,5287.95
04-Jul-12,5302.55
05-Jul-12,5327.3
06-Jul-12,5316.95
09-Jul-12,5275.15
10-Jul-12,5345.35
11-Jul-12,5306.3
12-Jul-12,5235.25
13-Jul-12,5227.25
16-Jul-12,5197.25
17-Jul-12,5192.85
18-Jul-12,5216.3
19-Jul-12,5242.7
20-Jul-12,5205.1
23-Jul-12,5117.95
24-Jul-12,5128.2
25-Jul-12,5109.6
26-Jul-12,5043
27-Jul-12,5099.85
30-Jul-12,5199.8
31-Jul-12,5229
01-Aug-12,5240.5
02-Aug-12,5227.75
03-Aug-12,5215.7
06-Aug-12,5282.55
07-Aug-12,5336.7
08-Aug-12,5338
09-Aug-12,5322.95
10-Aug-12,5320.4
13-Aug-12,5347.9
14-Aug-12,5380.35
16-Aug-12,5362.95
17-Aug-12,5366.3
21-Aug-12,5421
22-Aug-12,5412.85
23-Aug-12,5415.35
24-Aug-12,5386.7
27-Aug-12,5350.25
28-Aug-12,5334.6
29-Aug-12,5287.8
30-Aug-12,5315.05
31-Aug-12,5258.5
03-Sep-12,5253.75
04-Sep-12,5274
05-Sep-12,5225.7
06-Sep-12,5238.4
07-Sep-12,5342.1
08-Sep-12,5358.7
10-Sep-12,5363.45
11-Sep-12,5390
12-Sep-12,5431
13-Sep-12,5435.35
14-Sep-12,5577.65
17-Sep-12,5610
18-Sep-12,5600.05
20-Sep-12,5554.25
21-Sep-12,5691.15
24-Sep-12,5669.6
25-Sep-12,5673.9
26-Sep-12,5663.45
27-Sep-12,5649.5
28-Sep-12,5703.3
01-Oct-12,5718.8
03-Oct-12,5731.25
04-Oct-12,5787.6
05-Oct-12,5746.95
08-Oct-12,5676
09-Oct-12,5704.6
10-Oct-12,5652.15
11-Oct-12,5708.05
12-Oct-12,5676.05
15-Oct-12,5687.25
16-Oct-12,5648
17-Oct-12,5660.25
18-Oct-12,5718.7
19-Oct-12,5684.25
22-Oct-12,5717.15
23-Oct-12,5691.4
25-Oct-12,5705.3
26-Oct-12,5664.3
29-Oct-12,5665.6
30-Oct-12,5597.9
31-Oct-12,5619.7
01-Nov-12,5645.05
02-Nov-12,5697.7
05-Nov-12,5704.2
06-Nov-12,5724.4
07-Nov-12,5760.1
08-Nov-12,5738.75
09-Nov-12,5686.25
12-Nov-12,5683.7
13-Nov-12,5666.95
15-Nov-12,5631
16-Nov-12,5574.05
19-Nov-12,5571.4
20-Nov-12,5571.55
21-Nov-12,5614.8
22-Nov-12,5627.75
23-Nov-12,5626.6
26-Nov-12,5635.9
27-Nov-12,5727.45
29-Nov-12,5825
30-Nov-12,5879.85
03-Dec-12,5870.95
04-Dec-12,5889.25
05-Dec-12,5900.5
06-Dec-12,5930.9
07-Dec-12,5907.4
10-Dec-12,5908.9
11-Dec-12,5898.8
12-Dec-12,5888
13-Dec-12,5851.5
14-Dec-12,5879.6
17-Dec-12,5857.9
18-Dec-12,5896.8
19-Dec-12,5929.6
20-Dec-12,5916.4
21-Dec-12,5847.7
24-Dec-12,5855.75
26-Dec-12,5905.6
27-Dec-12,5870.1
28-Dec-12,5908.35
31-Dec-12,5905.1
01-Jan-13,5950.85
02-Jan-13,5993.25
03-Jan-13,6009.5
04-Jan-13,6016.15
07-Jan-13,5988.4
08-Jan-13,6001.7
09-Jan-13,5971.5
10-Jan-13,5968.65
11-Jan-13,5951.3
14-Jan-13,6024.05
15-Jan-13,6056.6
16-Jan-13,6001.85
17-Jan-13,6039.2
18-Jan-13,6064.4
21-Jan-13,6082.3
22-Jan-13,6048.5
23-Jan-13,6054.3
24-Jan-13,6019.35
25-Jan-13,6074.65
28-Jan-13,6074.8
29-Jan-13,6049.9
30-Jan-13,6055.75
31-Jan-13,6034.75
01-Feb-13,5998.9
04-Feb-13,5987.25
05-Feb-13,5956.9
06-Feb-13,5959.2
07-Feb-13,5938.8
08-Feb-13,5903.5
11-Feb-13,5897.85
12-Feb-13,5922.5
13-Feb-13,5932.95
14-Feb-13,5896.95
15-Feb-13,5887.4
18-Feb-13,5898.2
19-Feb-13,5939.7
20-Feb-13,5943.05
21-Feb-13,5852.25
22-Feb-13,5850.3
25-Feb-13,5854.75
26-Feb-13,5761.35
27-Feb-13,5796.9
28-Feb-13,5693.05
01-Mar-13,5719.7
04-Mar-13,5698.5
05-Mar-13,5784.25
06-Mar-13,5818.6
07-Mar-13,5863.3
08-Mar-13,5945.7
11-Mar-13,5942.35
12-Mar-13,5914.1
13-Mar-13,5851.2
14-Mar-13,5908.95
15-Mar-13,5872.6
18-Mar-13,5835.25
19-Mar-13,5745.95
20-Mar-13,5694.4
21-Mar-13,5658.75
22-Mar-13,5651.35
25-Mar-13,5633.85
26-Mar-13,5641.6
28-Mar-13,5682.55
01-Apr-13,5704.4
02-Apr-13,5748.1
03-Apr-13,5672.9
04-Apr-13,5574.75
05-Apr-13,5553.25
08-Apr-13,5542.95
09-Apr-13,5495.1
10-Apr-13,5558.7
11-Apr-13,5594
12-Apr-13,5528.55
15-Apr-13,5568.4
16-Apr-13,5688.95
17-Apr-13,5688.7
18-Apr-13,5783.1
22-Apr-13,5834.4
23-Apr-13,5836.9
25-Apr-13,5916.3
26-Apr-13,5871.45
29-Apr-13,5904.1
30-Apr-13,5930.2
02-May-13,5999.35
03-May-13,5944
06-May-13,5971.05
07-May-13,6043.55
08-May-13,6069.3
09-May-13,6050.15
10-May-13,6094.75
11-May-13,6107.25
13-May-13,5980.45
14-May-13,5995.4
15-May-13,6146.75
16-May-13,6169.9
17-May-13,6187.3
20-May-13,6156.9
21-May-13,6114.1
22-May-13,6094.5
23-May-13,5967.05
24-May-13,5983.55
27-May-13,6083.15
28-May-13,6111.25
29-May-13,6104.3
30-May-13,6124.05
31-May-13,5985.95
03-Jun-13,5939.3
04-Jun-13,5919.45
05-Jun-13,5923.85
06-Jun-13,5921.4
07-Jun-13,5881
10-Jun-13,5878
11-Jun-13,5788.8
12-Jun-13,5760.2
13-Jun-13,5699.1
14-Jun-13,5808.4
17-Jun-13,5850.05
18-Jun-13,5813.6
19-Jun-13,5822.25
20-Jun-13,5655.9
21-Jun-13,5667.65
24-Jun-13,5590.25
25-Jun-13,5609.1
26-Jun-13,5588.7
27-Jun-13,5682.35
28-Jun-13,5842.2
01-Jul-13,5898.85
02-Jul-13,5857.55
03-Jul-13,5770.9
04-Jul-13,5836.95
05-Jul-13,5867.9
08-Jul-13,5811.55
09-Jul-13,5859
10-Jul-13,5816.7
11-Jul-13,5935.1
12-Jul-13,6009
15-Jul-13,6030.8
16-Jul-13,5955.25
17-Jul-13,5973.3
18-Jul-13,6038.05
19-Jul-13,6029.2
22-Jul-13,6031.8
23-Jul-13,6077.8
24-Jul-13,5990.5
25-Jul-13,5907.5
26-Jul-13,5886.2
29-Jul-13,5831.65
30-Jul-13,5755.05
31-Jul-13,5742
01-Aug-13,5727.85
02-Aug-13,5677.9
05-Aug-13,5685.4
06-Aug-13,5542.25
07-Aug-13,5519.1
08-Aug-13,5565.65
12-Aug-13,5612.4
13-Aug-13,5699.3
14-Aug-13,5742.3
16-Aug-13,5507.85
19-Aug-13,5414.75
20-Aug-13,5401.45
21-Aug-13,5302.55
22-Aug-13,5408.45
23-Aug-13,5471.75
26-Aug-13,5476.5
27-Aug-13,5287.45
28-Aug-13,5285
29-Aug-13,5409.05
30-Aug-13,5471.8
02-Sep-13,5550.75
03-Sep-13,5341.45
04-Sep-13,5448.1
05-Sep-13,5592.95
06-Sep-13,5680.4
10-Sep-13,5896.75
11-Sep-13,5913.15
12-Sep-13,5850.7
13-Sep-13,5850.6
16-Sep-13,5840.55
17-Sep-13,5850.2
18-Sep-13,5899.45
19-Sep-13,6115.55
20-Sep-13,6012.1
23-Sep-13,5889.75
24-Sep-13,5892.45
25-Sep-13,5873.85
26-Sep-13,5882.25
27-Sep-13,5833.2
30-Sep-13,5735.3
01-Oct-13,5780.05
03-Oct-13,5909.7
04-Oct-13,5907.3
07-Oct-13,5906.15
08-Oct-13,5928.4
09-Oct-13,6007.45
10-Oct-13,6020.95
11-Oct-13,6096.2
14-Oct-13,6112.7
15-Oct-13,6089.05
17-Oct-13,6045.85
18-Oct-13,6189.35
21-Oct-13,6204.95
22-Oct-13,6202.8
23-Oct-13,6178.35
24-Oct-13,6164.35
25-Oct-13,6144.9
28-Oct-13,6101.1
29-Oct-13,6220.9
30-Oct-13,6251.7
31-Oct-13,6299.15
01-Nov-13,6307.2
03-Nov-13,6317.35
05-Nov-13,6253.15
06-Nov-13,6215.15
07-Nov-13,6187.25
08-Nov-13,6140.75
11-Nov-13,6078.8
12-Nov-13,6018.05
13-Nov-13,5989.6
14-Nov-13,6056.15
18-Nov-13,6189
19-Nov-13,6203.35
20-Nov-13,6122.9
21-Nov-13,5999.05
22-Nov-13,5995.45
25-Nov-13,6115.35
26-Nov-13,6059.1
27-Nov-13,6057.1
28-Nov-13,6091.85
29-Nov-13,6176.1
02-Dec-13,6217.85
03-Dec-13,6201.85
04-Dec-13,6160.95
05-Dec-13,6241.1
06-Dec-13,6259.9
09-Dec-13,6363.9
10-Dec-13,6332.85
11-Dec-13,6307.9
12-Dec-13,6237.05
13-Dec-13,6168.4
16-Dec-13,6154.7
17-Dec-13,6139.05
18-Dec-13,6217.15
19-Dec-13,6166.65
20-Dec-13,6274.25
23-Dec-13,6284.5
24-Dec-13,6268.4
26-Dec-13,6278.9
27-Dec-13,6313.8
30-Dec-13,6291.1
31-Dec-13,6304
01-Jan-14,6301.65
02-Jan-14,6221.15
03-Jan-14,6211.15
06-Jan-14,6191.45
07-Jan-14,6162.25
08-Jan-14,6174.6
09-Jan-14,6168.35
10-Jan-14,6171.45
13-Jan-14,6272.75
14-Jan-14,6241.85
15-Jan-14,6320.9
16-Jan-14,6318.9
17-Jan-14,6261.65
20-Jan-14,6303.95
21-Jan-14,6313.8
22-Jan-14,6338.95
23-Jan-14,6345.65
24-Jan-14,6266.75
27-Jan-14,6135.85
28-Jan-14,6126.25
29-Jan-14,6120.25
30-Jan-14,6073.7
31-Jan-14,6089.5
03-Feb-14,6001.8
04-Feb-14,6000.9
05-Feb-14,6022.4
06-Feb-14,6036.3
07-Feb-14,6063.2
10-Feb-14,6053.45
11-Feb-14,6062.7
12-Feb-14,6084
13-Feb-14,6001.1
14-Feb-14,6048.35
17-Feb-14,6073.3
18-Feb-14,6127.1
19-Feb-14,6152.75
20-Feb-14,6091.45
21-Feb-14,6155.45
24-Feb-14,6186.1
25-Feb-14,6200.05
26-Feb-14,6238.8
28-Feb-14,6276.95
03-Mar-14,6221.45
04-Mar-14,6297.95
05-Mar-14,6328.65
06-Mar-14,6401.15
07-Mar-14,6526.65
10-Mar-14,6537.25
11-Mar-14,6511.9
12-Mar-14,6516.9
13-Mar-14,6493.1
14-Mar-14,6504.2
18-Mar-14,6516.65
19-Mar-14,6524.05
20-Mar-14,6483.1
21-Mar-14,6493.2
22-Mar-14,6494.9
24-Mar-14,6583.5
25-Mar-14,6589.75
26-Mar-14,6601.4
27-Mar-14,6641.75
28-Mar-14,6695.9
31-Mar-14,6704.2
01-Apr-14,6721.05
02-Apr-14,6752.55
03-Apr-14,6736.1
04-Apr-14,6694.35
07-Apr-14,6695.05
09-Apr-14,6796.2
10-Apr-14,6796.4
11-Apr-14,6776.3
15-Apr-14,6733.1
16-Apr-14,6675.3
17-Apr-14,6779.4
21-Apr-14,6817.65
22-Apr-14,6815.35
23-Apr-14,6840.8
25-Apr-14,6782.75
28-Apr-14,6761.25
29-Apr-14,6715.25
30-Apr-14,6696.4
02-May-14,6694.8
05-May-14,6699.35
06-May-14,6715.3
07-May-14,6652.55
08-May-14,6659.85
09-May-14,6858.8
12-May-14,7014.25
13-May-14,7108.75
14-May-14,7108.75
15-May-14,7123.15
16-May-14,7203
19-May-14,7263.55
20-May-14,7275.5
21-May-14,7252.9
22-May-14,7276.4
23-May-14,7367.1
26-May-14,7359.05
27-May-14,7318
28-May-14,7329.65
29-May-14,7235.65
30-May-14,7229.95
02-Jun-14,7362.5
03-Jun-14,7415.85
04-Jun-14,7402.25
05-Jun-14,7474.1
06-Jun-14,7583.4
09-Jun-14,7654.6
10-Jun-14,7656.4
11-Jun-14,7626.85
12-Jun-14,7649.9
13-Jun-14,7542.1
16-Jun-14,7533.55
17-Jun-14,7631.7
18-Jun-14,7558.2
19-Jun-14,7540.7
20-Jun-14,7511.45
23-Jun-14,7493.35
24-Jun-14,7580.2
25-Jun-14,7569.25
26-Jun-14,7493.2
27-Jun-14,7508.8
30-Jun-14,7611.35
01-Jul-14,7634.7
02-Jul-14,7725.15
03-Jul-14,7714.8
04-Jul-14,7751.6
07-Jul-14,7787.15
08-Jul-14,7623.2
09-Jul-14,7585
10-Jul-14,7567.75
11-Jul-14,7459.6
14-Jul-14,7454.15
15-Jul-14,7526.65
16-Jul-14,7624.4
17-Jul-14,7640.45
18-Jul-14,7663.9
21-Jul-14,7684.2
22-Jul-14,7767.85
23-Jul-14,7795.75
24-Jul-14,7830.6
25-Jul-14,7790.45
28-Jul-14,7748.7
30-Jul-14,7791.4
31-Jul-14,7721.3
01-Aug-14,7602.6
04-Aug-14,7683.65
05-Aug-14,7746.55
06-Aug-14,7672.05
07-Aug-14,7649.25
08-Aug-14,7568.55
11-Aug-14,7625.95
12-Aug-14,7727.05
13-Aug-14,7739.55
14-Aug-14,7791.7
18-Aug-14,7874.25
19-Aug-14,7897.5
20-Aug-14,7875.3
21-Aug-14,7891.1
22-Aug-14,7913.2
25-Aug-14,7906.3
26-Aug-14,7904.75
27-Aug-14,7936.05
28-Aug-14,7954.35
01-Sep-14,8027.7
02-Sep-14,8083.05
03-Sep-14,8114.6
04-Sep-14,8095.95
05-Sep-14,8086.85
08-Sep-14,8173.9
09-Sep-14,8152.95
10-Sep-14,8094.1
11-Sep-14,8085.7
12-Sep-14,8105.5
15-Sep-14,8042
16-Sep-14,7932.9
17-Sep-14,7975.5
18-Sep-14,8114.75
19-Sep-14,8121.45
22-Sep-14,8146.3
23-Sep-14,8017.55
24-Sep-14,8002.4
25-Sep-14,7911.85
26-Sep-14,7968.85
29-Sep-14,7958.9
30-Sep-14,7964.8
01-Oct-14,7945.55
07-Oct-14,7852.4
08-Oct-14,7842.7
09-Oct-14,7960.55
10-Oct-14,7859.95
13-Oct-14,7884.25
14-Oct-14,7864
16-Oct-14,7748.2
17-Oct-14,7779.7
20-Oct-14,7879.4
21-Oct-14,7927.75
22-Oct-14,7995.9
23-Oct-14,8014.55
27-Oct-14,7991.7
28-Oct-14,8027.6
29-Oct-14,8090.45
30-Oct-14,8169.2
31-Oct-14,8322.2
03-Nov-14,8324.15
05-Nov-14,8338.3
07-Nov-14,8337
10-Nov-14,8344.25
11-Nov-14,8362.65
12-Nov-14,8383.3
13-Nov-14,8357.85
14-Nov-14,8389.9
17-Nov-14,8430.75
18-Nov-14,8425.9
19-Nov-14,8382.3
20-Nov-14,8401.9
21-Nov-14,8477.35
24-Nov-14,8530.15
25-Nov-14,8463.1
26-Nov-14,8475.75
27-Nov-14,8494.2
28-Nov-14,8588.25
01-Dec-14,8555.9
02-Dec-14,8524.7
03-Dec-14,8537.65
04-Dec-14,8564.4
05-Dec-14,8538.3
08-Dec-14,8438.25
09-Dec-14,8340.7
10-Dec-14,8355.65
11-Dec-14,8292.9
12-Dec-14,8224.1
15-Dec-14,8219.6
16-Dec-14,8067.6
17-Dec-14,8029.8
18-Dec-14,8159.3
19-Dec-14,8225.2
22-Dec-14,8324
23-Dec-14,8267
24-Dec-14,8174.1
26-Dec-14,8200.7
29-Dec-14,8246.3
30-Dec-14,8248.25
31-Dec-14,8282.7
01-Jan-15,8284
02-Jan-15,8395.45
05-Jan-15,8378.4
06-Jan-15,8127.35
07-Jan-15,8102.1
08-Jan-15,8234.6
09-Jan-15,8284.5
12-Jan-15,8323
13-Jan-15,8299.4
14-Jan-15,8277.55
15-Jan-15,8494.15
16-Jan-15,8513.8
19-Jan-15,8550.7
20-Jan-15,8695.6
21-Jan-15,8729.5
22-Jan-15,8761.4
23-Jan-15,8835.6
27-Jan-15,8910.5
28-Jan-15,8914.3
29-Jan-15,8952.35
30-Jan-15,8808.9
02-Feb-15,8797.4
03-Feb-15,8756.55
04-Feb-15,8723.7
05-Feb-15,8711.7
06-Feb-15,8661.05
09-Feb-15,8526.35
10-Feb-15,8565.55
11-Feb-15,8627.4
12-Feb-15,8711.55
13-Feb-15,8805.5
16-Feb-15,8809.35
18-Feb-15,8869.1
19-Feb-15,8895.3
20-Feb-15,8833.6
23-Feb-15,8754.95
24-Feb-15,8762.1
25-Feb-15,8767.25
26-Feb-15,8683.85
27-Feb-15,8844.6
28-Feb-15,8901.85
02-Mar-15,8956.75
03-Mar-15,8996.25
04-Mar-15,8922.65
05-Mar-15,8937.75
09-Mar-15,8756.75
10-Mar-15,8712.05
11-Mar-15,8699.95
12-Mar-15,8776
13-Mar-15,8647.75
16-Mar-15,8633.15
17-Mar-15,8723.3
18-Mar-15,8685.9
19-Mar-15,8634.65
20-Mar-15,8570.9
23-Mar-15,8550.9
24-Mar-15,8542.95
25-Mar-15,8530.8
26-Mar-15,8342.15
27-Mar-15,8341.4
30-Mar-15,8492.3
31-Mar-15,8491
01-Apr-15,8586.25
06-Apr-15,8659.9
07-Apr-15,8660.3
08-Apr-15,8714.4
09-Apr-15,8778.3
10-Apr-15,8780.35
13-Apr-15,8834
15-Apr-15,8750.2
16-Apr-15,8706.7
17-Apr-15,8606
20-Apr-15,8448.1
21-Apr-15,8377.75
22-Apr-15,8429.7
23-Apr-15,8398.3
24-Apr-15,8305.25
27-Apr-15,8213.8
28-Apr-15,8285.6
29-Apr-15,8239.75
30-Apr-15,8181.5
04-May-15,8331.95
05-May-15,8324.8
06-May-15,8097
07-May-15,8057.3
08-May-15,8191.5
11-May-15,8325.25
12-May-15,8126.95
13-May-15,8235.45
14-May-15,8224.2
15-May-15,8262.35
18-May-15,8373.65
19-May-15,8365.65
20-May-15,8423.25
21-May-15,8421
22-May-15,8458.95
25-May-15,8370.25
26-May-15,8339.35
27-May-15,8334.6
28-May-15,8319
29-May-15,8433.65
01-Jun-15,8433.4
02-Jun-15,8236.45
03-Jun-15,8135.1
04-Jun-15,8130.65
05-Jun-15,8114.7
08-Jun-15,8044.15
09-Jun-15,8022.4
10-Jun-15,8124.45
11-Jun-15,7965.35
12-Jun-15,7982.9
15-Jun-15,8013.9
16-Jun-15,8047.3
17-Jun-15,8091.55
18-Jun-15,8174.6
19-Jun-15,8224.95
22-Jun-15,8353.1
23-Jun-15,8381.55
24-Jun-15,8360.85
25-Jun-15,8398
26-Jun-15,8381.1
29-Jun-15,8318.4
30-Jun-15,8368.5
01-Jul-15,8453.05
02-Jul-15,8444.9
03-Jul-15,8484.9
06-Jul-15,8522.15
07-Jul-15,8510.8
08-Jul-15,8363.05
09-Jul-15,8328.55
10-Jul-15,8360.55
13-Jul-15,8459.65
14-Jul-15,8454.1
15-Jul-15,8523.8
16-Jul-15,8608.05
17-Jul-15,8609.85
20-Jul-15,8603.45
21-Jul-15,8529.45
22-Jul-15,8633.5
23-Jul-15,8589.8
24-Jul-15,8521.55
27-Jul-15,8361
28-Jul-15,8337
29-Jul-15,8375.05
30-Jul-15,8421.8
31-Jul-15,8532.85
03-Aug-15,8543.05
04-Aug-15,8516.9
05-Aug-15,8567.95
06-Aug-15,8588.65
07-Aug-15,8564.6
10-Aug-15,8525.6
11-Aug-15,8462.35
12-Aug-15,8349.45
13-Aug-15,8355.85
14-Aug-15,8518.55
17-Aug-15,8477.3
18-Aug-15,8466.55
19-Aug-15,8495.15
20-Aug-15,8372.75
21-Aug-15,8299.95
24-Aug-15,7809
25-Aug-15,7880.7
26-Aug-15,7791.85
27-Aug-15,7948.95
28-Aug-15,8001.95
31-Aug-15,7971.3
01-Sep-15,7785.85
02-Sep-15,7717
03-Sep-15,7823
04-Sep-15,7655.05
07-Sep-15,7558.8
08-Sep-15,7688.25
09-Sep-15,7818.6
10-Sep-15,7788.1
11-Sep-15,7789.3
14-Sep-15,7872.25
15-Sep-15,7829.1
16-Sep-15,7899.15
18-Sep-15,7981.9
21-Sep-15,7977.1
22-Sep-15,7812
23-Sep-15,7845.95
24-Sep-15,7868.5
28-Sep-15,7795.7
29-Sep-15,7843.3
30-Sep-15,7948.9
01-Oct-15,7950.9
05-Oct-15,8119.3
06-Oct-15,8152.9
07-Oct-15,8177.4
08-Oct-15,8129.35
09-Oct-15,8189.7
12-Oct-15,8143.6
13-Oct-15,8131.7
14-Oct-15,8107.9
15-Oct-15,8179.5
16-Oct-15,8238.15
19-Oct-15,8275.05
20-Oct-15,8261.65
21-Oct-15,8251.7
23-Oct-15,8295.45
26-Oct-15,8260.55
27-Oct-15,8232.9
28-Oct-15,8171.2
29-Oct-15,8111.75
30-Oct-15,8065.8
02-Nov-15,8050.8
03-Nov-15,8060.7
04-Nov-15,8040.2
05-Nov-15,7955.45
06-Nov-15,7954.3
09-Nov-15,7915.2
10-Nov-15,7783.35
11-Nov-15,7825
13-Nov-15,7762.25
16-Nov-15,7806.6
17-Nov-15,7837.55
18-Nov-15,7731.8
19-Nov-15,7842.75
20-Nov-15,7856.55
23-Nov-15,7849.25
24-Nov-15,7831.6
26-Nov-15,7883.8
27-Nov-15,7942.7
30-Nov-15,7935.25
01-Dec-15,7954.9
02-Dec-15,7931.35
03-Dec-15,7864.15
04-Dec-15,7781.9
07-Dec-15,7765.4
08-Dec-15,7701.7
09-Dec-15,7612.5
10-Dec-15,7683.3
11-Dec-15,7610.45
14-Dec-15,7650.05
15-Dec-15,7700.9
16-Dec-15,7750.9
17-Dec-15,7844.35
18-Dec-15,7761.95
21-Dec-15,7834.45
22-Dec-15,7786.1
23-Dec-15,7865.95
24-Dec-15,7861.05
28-Dec-15,7925.15
29-Dec-15,7928.95
30-Dec-15,7896.25
31-Dec-15,7946.35
01-Jan-16,7963.2
04-Jan-16,7791.3
05-Jan-16,7784.65
06-Jan-16,7741
07-Jan-16,7568.3
08-Jan-16,7601.35
11-Jan-16,7563.85
12-Jan-16,7510.3
13-Jan-16,7562.4
14-Jan-16,7536.8
15-Jan-16,7437.8
18-Jan-16,7351
19-Jan-16,7435.1
20-Jan-16,7309.3
21-Jan-16,7276.8
22-Jan-16,7422.45
25-Jan-16,7436.15
27-Jan-16,7437.75
28-Jan-16,7424.65
29-Jan-16,7563.55
01-Feb-16,7555.95
02-Feb-16,7455.55
03-Feb-16,7361.8
04-Feb-16,7404
05-Feb-16,7489.1
08-Feb-16,7387.25
09-Feb-16,7298.2
10-Feb-16,7215.7
11-Feb-16,6976.35
12-Feb-16,6980.95
15-Feb-16,7162.95
16-Feb-16,7048.25
17-Feb-16,7108.45
18-Feb-16,7191.75
19-Feb-16,7210.75
22-Feb-16,7234.55
23-Feb-16,7109.55
24-Feb-16,7018.7
25-Feb-16,6970.6
26-Feb-16,7029.75
29-Feb-16,6987.05
01-Mar-16,7222.3
02-Mar-16,7368.85
03-Mar-16,7475.6
04-Mar-16,7485.35
08-Mar-16,7485.3
09-Mar-16,7531.8
10-Mar-16,7486.15
11-Mar-16,7510.2
14-Mar-16,7538.75
15-Mar-16,7460.6
16-Mar-16,7498.75
17-Mar-16,7512.55
18-Mar-16,7604.35
21-Mar-16,7704.25
22-Mar-16,7714.9
23-Mar-16,7716.5
28-Mar-16,7615.1
29-Mar-16,7597
30-Mar-16,7735.2
31-Mar-16,7738.4
01-Apr-16,7713.05
04-Apr-16,7758.8
05-Apr-16,7603.2
06-Apr-16,7614.35
07-Apr-16,7546.45
08-Apr-16,7555.2
11-Apr-16,7671.4
12-Apr-16,7708.95
13-Apr-16,7850.45
18-Apr-16,7914.7
20-Apr-16,7914.75
21-Apr-16,7912.05
22-Apr-16,7899.3
25-Apr-16,7855.05
26-Apr-16,7962.65
27-Apr-16,7979.9
28-Apr-16,7847.25
29-Apr-16,7849.8
02-May-16,7805.9
03-May-16,7747
04-May-16,7706.55
05-May-16,7735.5
06-May-16,7733.45
09-May-16,7866.05
10-May-16,7887.8
11-May-16,7848.85
12-May-16,7900.4
13-May-16,7814.9
16-May-16,7860.75
17-May-16,7890.75
18-May-16,7870.15
19-May-16,7783.4
20-May-16,7749.7
23-May-16,7731.05
24-May-16,7748.85
25-May-16,7934.9
26-May-16,8069.65
27-May-16,8156.65
30-May-16,8178.5
31-May-16,8160.1
01-Jun-16,8179.95
02-Jun-16,8218.95
03-Jun-16,8220.8
06-Jun-16,8201.05
07-Jun-16,8266.45
08-Jun-16,8273.05
09-Jun-16,8203.6
10-Jun-16,8170.05
13-Jun-16,8110.6
14-Jun-16,8108.85
15-Jun-16,8206.6
16-Jun-16,8140.75
17-Jun-16,8170.2
20-Jun-16,8238.5
21-Jun-16,8219.9
22-Jun-16,8203.7
23-Jun-16,8270.45
24-Jun-16,8088.6
27-Jun-16,8094.7
28-Jun-16,8127.85
29-Jun-16,8204
30-Jun-16,8287.75
01-Jul-16,8328.35
04-Jul-16,8370.7
05-Jul-16,8335.95
07-Jul-16,8337.9
08-Jul-16,8323.2
11-Jul-16,8467.9
12-Jul-16,8521.05
13-Jul-16,8519.5
14-Jul-16,8565
15-Jul-16,8541.4
18-Jul-16,8508.7
19-Jul-16,8528.55
20-Jul-16,8565.85
21-Jul-16,8510.1
22-Jul-16,8541.2
25-Jul-16,8635.65
26-Jul-16,8590.65
27-Jul-16,8615.8
28-Jul-16,8666.3
29-Jul-16,8638.5
01-Aug-16,8636.55
02-Aug-16,8622.9
03-Aug-16,8544.85
04-Aug-16,8551.1
05-Aug-16,8683.15
08-Aug-16,8711.35
09-Aug-16,8678.25
10-Aug-16,8575.3
11-Aug-16,8592.15
12-Aug-16,8672.15
16-Aug-16,8642.55
17-Aug-16,8624.05
18-Aug-16,8673.25
19-Aug-16,8666.9
22-Aug-16,8629.15
23-Aug-16,8632.6
24-Aug-16,8650.3
25-Aug-16,8592.2
26-Aug-16,8572.55
29-Aug-16,8607.45
30-Aug-16,8744.35
31-Aug-16,8786.2
01-Sep-16,8774.65
02-Sep-16,8809.65
06-Sep-16,8943
07-Sep-16,8917.95
08-Sep-16,8952.5
09-Sep-16,8866.7
12-Sep-16,8715.6
14-Sep-16,8726.6
15-Sep-16,8742.55
16-Sep-16,8779.85
19-Sep-16,8808.4
20-Sep-16,8775.9
21-Sep-16,8777.15
22-Sep-16,8867.45
23-Sep-16,8831.55
26-Sep-16,8723.05
27-Sep-16,8706.4
28-Sep-16,8745.15
29-Sep-16,8591.25
30-Sep-16,8611.15
03-Oct-16,8738.1
04-Oct-16,8769.15
05-Oct-16,8743.95
06-Oct-16,8709.55
07-Oct-16,8697.6
10-Oct-16,8708.8
13-Oct-16,8573.35
14-Oct-16,8583.4
17-Oct-16,8520.4
18-Oct-16,8677.9
19-Oct-16,8659.1
20-Oct-16,8699.4
21-Oct-16,8693.05
24-Oct-16,8708.95
25-Oct-16,8691.3
26-Oct-16,8615.25
27-Oct-16,8615.25
28-Oct-16,8638
30-Oct-16,8625.7
01-Nov-16,8626.25
02-Nov-16,8514
03-Nov-16,8484.95
04-Nov-16,8433.75
07-Nov-16,8497.05
08-Nov-16,8543.55
09-Nov-16,8432
10-Nov-16,8525.75
11-Nov-16,8296.3
15-Nov-16,8108.45
16-Nov-16,8111.6
17-Nov-16,8079.95
18-Nov-16,8074.1
21-Nov-16,7929.1
22-Nov-16,8002.3
23-Nov-16,8033.3
24-Nov-16,7965.5
25-Nov-16,8114.3
28-Nov-16,8126.9
29-Nov-16,8142.15
30-Nov-16,8224.5
01-Dec-16,8192.9
02-Dec-16,8086.8
05-Dec-16,8128.75
06-Dec-16,8143.15
07-Dec-16,8102.05
08-Dec-16,8246.85
09-Dec-16,8261.75
12-Dec-16,8170.8
13-Dec-16,8221.8
14-Dec-16,8182.45
15-Dec-16,8153.6
16-Dec-16,8139.45
19-Dec-16,8104.35
20-Dec-16,8082.4
21-Dec-16,8061.3
22-Dec-16,7979.1
23-Dec-16,7985.75
26-Dec-16,7908.25
27-Dec-16,8032.85
28-Dec-16,8034.85
29-Dec-16,8103.6
30-Dec-16,8185.8
02-Jan-17,8179.5
03-Jan-17,8192.25
04-Jan-17,8190.5
05-Jan-17,8273.8
06-Jan-17,8243.8
09-Jan-17,8236.05
10-Jan-17,8288.6
11-Jan-17,8380.65
12-Jan-17,8407.2
13-Jan-17,8400.35
16-Jan-17,8412.8
17-Jan-17,8398
18-Jan-17,8417
19-Jan-17,8435.1
20-Jan-17,8349.35
23-Jan-17,8391.5
24-Jan-17,8475.8
25-Jan-17,8602.75
27-Jan-17,8641.25
30-Jan-17,8632.75
31-Jan-17,8561.3
01-Feb-17,8716.4
02-Feb-17,8734.25
03-Feb-17,8740.95
06-Feb-17,8801.05
07-Feb-17,8768.3
08-Feb-17,8769.05
09-Feb-17,8778.4
10-Feb-17,8793.55
13-Feb-17,8805.05
14-Feb-17,8792.3
15-Feb-17,8724.7
16-Feb-17,8778
17-Feb-17,8821.7
20-Feb-17,8879.2
21-Feb-17,8907.85
22-Feb-17,8926.9
23-Feb-17,8939.5
27-Feb-17,8896.7
28-Feb-17,8879.6
01-Mar-17,8945.8
02-Mar-17,8899.75
03-Mar-17,8897.55
06-Mar-17,8963.45
07-Mar-17,8946.9
08-Mar-17,8924.3
09-Mar-17,8927
10-Mar-17,8934.55
14-Mar-17,9087
15-Mar-17,9084.8
16-Mar-17,9153.7
17-Mar-17,9160.05
20-Mar-17,9126.85
21-Mar-17,9121.5
22-Mar-17,9030.45
23-Mar-17,9086.3
24-Mar-17,9108
27-Mar-17,9045.2
28-Mar-17,9100.8
29-Mar-17,9143.8
30-Mar-17,9173.75
31-Mar-17,9173.75
03-Apr-17,9237.85
05-Apr-17,9265.15
06-Apr-17,9261.95
07-Apr-17,9198.3
10-Apr-17,9181.45
11-Apr-17,9237
12-Apr-17,9203.45
13-Apr-17,9150.8
17-Apr-17,9139.3
18-Apr-17,9105.15
19-Apr-17,9103.5
20-Apr-17,9136.4
21-Apr-17,9119.4
24-Apr-17,9217.95
25-Apr-17,9306.6
26-Apr-17,9351.85
27-Apr-17,9342.15
28-Apr-17,9304.05
02-May-17,9313.8
03-May-17,9311.95
04-May-17,9359.9
05-May-17,9285.3
08-May-17,9314.05
09-May-17,9316.85
10-May-17,9407.3
11-May-17,9422.4
12-May-17,9400.9
15-May-17,9445.4
16-May-17,9512.25
17-May-17,9525.75
18-May-17,9429.45
19-May-17,9427.9
22-May-17,9438.25
23-May-17,9386.15
24-May-17,9360.55
25-May-17,9509.75
26-May-17,9595.1
29-May-17,9604.9
30-May-17,9624.55
31-May-17,9621.25
01-Jun-17,9616.1
02-Jun-17,9653.5
05-Jun-17,9675.1
06-Jun-17,9637.15
07-Jun-17,9663.9
08-Jun-17,9647.25
09-Jun-17,9668.25
12-Jun-17,9616.4
13-Jun-17,9606.9
14-Jun-17,9618.15
15-Jun-17,9578.05
16-Jun-17,9588.05
19-Jun-17,9657.55
20-Jun-17,9653.5
21-Jun-17,9633.6
22-Jun-17,9630
23-Jun-17,9574.95
27-Jun-17,9511.4
28-Jun-17,9491.25
29-Jun-17,9504.1
30-Jun-17,9520.9
03-Jul-17,9615
04-Jul-17,9613.3
05-Jul-17,9637.6
06-Jul-17,9674.55
07-Jul-17,9665.8
10-Jul-17,9771.05
11-Jul-17,9786.05
12-Jul-17,9816.1
13-Jul-17,9891.7
14-Jul-17,9886.35
17-Jul-17,9915.95
18-Jul-17,9827.15
19-Jul-17,9899.6
20-Jul-17,9873.3
21-Jul-17,9915.25
24-Jul-17,9966.4
25-Jul-17,9964.55
26-Jul-17,10020.65
27-Jul-17,10020.55
28-Jul-17,10014.5
31-Jul-17,10077.1
01-Aug-17,10114.65
02-Aug-17,10081.5
03-Aug-17,10013.65
04-Aug-17,10066.4
07-Aug-17,10057.4
08-Aug-17,9978.55
09-Aug-17,9908.05
10-Aug-17,9820.25
11-Aug-17,9710.8
14-Aug-17,9794.15
16-Aug-17,9897.3
17-Aug-17,9904.15
18-Aug-17,9837.4
21-Aug-17,9754.35
22-Aug-17,9765.55
23-Aug-17,9852.5
24-Aug-17,9857.05
28-Aug-17,9912.8
29-Aug-17,9796.05
30-Aug-17,9884.4
31-Aug-17,9917.9
01-Sep-17,9974.4
04-Sep-17,9912.85
05-Sep-17,9952.2
06-Sep-17,9916.2
07-Sep-17,9929.9
08-Sep-17,9934.8
11-Sep-17,10006.05
12-Sep-17,10093.05
13-Sep-17,10079.3
14-Sep-17,10086.6
15-Sep-17,10085.4
18-Sep-17,10153.1
19-Sep-17,10147.55
20-Sep-17,10141.15
21-Sep-17,10121.9
22-Sep-17,9964.4
25-Sep-17,9872.6
26-Sep-17,9871.5
27-Sep-17,9735.75
28-Sep-17,9768.95
29-Sep-17,9788.6
03-Oct-17,9859.5
04-Oct-17,9914.9
05-Oct-17,9888.7
06-Oct-17,9979.7
09-Oct-17,9988.75
10-Oct-17,10016.95
11-Oct-17,9984.8
12-Oct-17,10096.4
13-Oct-17,10167.45
16-Oct-17,10230.85
17-Oct-17,10234.45
18-Oct-17,10210.85
19-Oct-17,10146.55
23-Oct-17,10184.85
24-Oct-17,10207.7
25-Oct-17,10295.35
26-Oct-17,10343.8
27-Oct-17,10323.05
30-Oct-17,10363.65
31-Oct-17,10335.3
01-Nov-17,10440.5
02-Nov-17,10423.8
03-Nov-17,10452.5
06-Nov-17,10451.8
07-Nov-17,10350.15
08-Nov-17,10303.15
09-Nov-17,10308.95
10-Nov-17,10321.75
13-Nov-17,10224.95
14-Nov-17,10186.6
15-Nov-17,10118.05
16-Nov-17,10214.75
17-Nov-17,10283.6
20-Nov-17,10298.75
21-Nov-17,10326.9
22-Nov-17,10342.3
23-Nov-17,10348.75
24-Nov-17,10389.7
27-Nov-17,10399.55
28-Nov-17,10370.25
29-Nov-17,10361.3
30-Nov-17,10226.55
01-Dec-17,10121.8
04-Dec-17,10127.75
05-Dec-17,10118.25
06-Dec-17,10044.1
07-Dec-17,10166.7
08-Dec-17,10265.65
11-Dec-17,10322.25
12-Dec-17,10240.15
13-Dec-17,10192.95
14-Dec-17,10252.1
15-Dec-17,10333.25
18-Dec-17,10388.75
19-Dec-17,10463.2
20-Dec-17,10444.2
21-Dec-17,10440.3
22-Dec-17,10493
26-Dec-17,10531.5
27-Dec-17,10490.75
28-Dec-17,10477.9
29-Dec-17,10530.7
01-Jan-18,10435.55
02-Jan-18,10442.2
03-Jan-18,10443.2
04-Jan-18,10504.8
05-Jan-18,10558.85
08-Jan-18,10623.6
09-Jan-18,10637
10-Jan-18,10632.2
11-Jan-18,10651.2
12-Jan-18,10681.25
15-Jan-18,10741.55
16-Jan-18,10700.45
17-Jan-18,10788.55
18-Jan-18,10817
19-Jan-18,10894.7
22-Jan-18,10966.2
23-Jan-18,11083.7
24-Jan-18,11086
25-Jan-18,11069.65
29-Jan-18,11130.4
30-Jan-18,11049.65
31-Jan-18,11027.7
01-Feb-18,11016.9
02-Feb-18,10760.6
05-Feb-18,10666.55
06-Feb-18,10498.25
07-Feb-18,10476.7
08-Feb-18,10576.85
09-Feb-18,10454.95
12-Feb-18,10539.75
14-Feb-18,10500.9
15-Feb-18,10545.5
16-Feb-18,10452.3
19-Feb-18,10378.4
20-Feb-18,10360.4
21-Feb-18,10397.45
22-Feb-18,10382.7
23-Feb-18,10491.05
26-Feb-18,10582.6
27-Feb-18,10554.3
28-Feb-18,10492.85
01-Mar-18,10458.35
05-Mar-18,10358.85
06-Mar-18,10249.25
07-Mar-18,10154.2
08-Mar-18,10242.65
09-Mar-18,10226.85
12-Mar-18,10421.4
13-Mar-18,10426.85
14-Mar-18,10410.9
15-Mar-18,10360.15
16-Mar-18,10195.15
19-Mar-18,10094.25
20-Mar-18,10124.35
21-Mar-18,10155.25
22-Mar-18,10114.75
23-Mar-18,9998.05
26-Mar-18,10130.65
27-Mar-18,10184.15
28-Mar-18,10113.7
02-Apr-18,10211.8
03-Apr-18,10245
04-Apr-18,10128.4
05-Apr-18,10325.15
06-Apr-18,10331.6
09-Apr-18,10379.35
10-Apr-18,10402.25
11-Apr-18,10417.15
12-Apr-18,10458.65
13-Apr-18,10480.6
16-Apr-18,10528.35
17-Apr-18,10548.7
18-Apr-18,10526.2
19-Apr-18,10565.3
20-Apr-18,10564.05
23-Apr-18,10584.7
24-Apr-18,10614.35
25-Apr-18,10570.55
26-Apr-18,10617.8
27-Apr-18,10692.3
30-Apr-18,10739.35
02-May-18,10718.05
03-May-18,10679.65
04-May-18,10618.25
07-May-18,10715.5
08-May-18,10717.8
09-May-18,10741.7
10-May-18,10716.55
11-May-18,10806.5
14-May-18,10806.6
15-May-18,10801.85
16-May-18,10741.1
17-May-18,10682.7
18-May-18,10596.4
21-May-18,10516.7
22-May-18,10536.7
23-May-18,10430.35
24-May-18,10513.85
25-May-18,10605.15
28-May-18,10688.65
29-May-18,10633.3
30-May-18,10614.35
31-May-18,10736.15
01-Jun-18,10696.2
04-Jun-18,10628.5
05-Jun-18,10593.15
06-Jun-18,10684.65
07-Jun-18,10768.35
08-Jun-18,10767.65
11-Jun-18,10786.95
12-Jun-18,10842.85
13-Jun-18,10856.7
14-Jun-18,10808.05
15-Jun-18,10817.7
18-Jun-18,10799.85
19-Jun-18,10710.45
20-Jun-18,10772.05
21-Jun-18,10741.1
22-Jun-18,10821.85
25-Jun-18,10762.45
26-Jun-18,10769.15
27-Jun-18,10671.4
28-Jun-18,10589.1
29-Jun-18,10714.3
02-Jul-18,10657.3
03-Jul-18,10699.9
04-Jul-18,10769.9
05-Jul-18,10749.75
06-Jul-18,10772.65
09-Jul-18,10852.9
10-Jul-18,10947.25
11-Jul-18,10948.3
12-Jul-18,11023.2
13-Jul-18,11018.9
16-Jul-18,10936.85
17-Jul-18,11008.05
18-Jul-18,10980.45
19-Jul-18,10957.1
20-Jul-18,11010.2
23-Jul-18,11084.75
24-Jul-18,11134.3
25-Jul-18,11132
26-Jul-18,11167.3
27-Jul-18,11278.35
30-Jul-18,11319.55
31-Jul-18,11356.5
01-Aug-18,11346.2
02-Aug-18,11244.7
03-Aug-18,11360.8
06-Aug-18,11387.1
07-Aug-18,11389.45
08-Aug-18,11450
09-Aug-18,11470.7
10-Aug-18,11429.5
13-Aug-18,11355.75
14-Aug-18,11435.1
16-Aug-18,11385.05
17-Aug-18,11470.75
20-Aug-18,11551.75
21-Aug-18,11570.9
23-Aug-18,11582.75
24-Aug-18,11557.1
27-Aug-18,11691.95
28-Aug-18,11738.5
29-Aug-18,11691.9
30-Aug-18,11676.8
31-Aug-18,11680.5
03-Sep-18,11582.35
04-Sep-18,11520.3
05-Sep-18,11476.95
06-Sep-18,11536.9
07-Sep-18,11589.1
10-Sep-18,11438.1
11-Sep-18,11287.5
12-Sep-18,11369.9
14-Sep-18,11515.2
17-Sep-18,11377.75
18-Sep-18,11278.9
19-Sep-18,11234.35
21-Sep-18,11143.1
24-Sep-18,10967.4
25-Sep-18,11067.45
26-Sep-18,11053.8
27-Sep-18,10977.55
28-Sep-18,10930.45
01-Oct-18,11008.3
03-Oct-18,10858.25
04-Oct-18,10599.25
05-Oct-18,10316.45
08-Oct-18,10348.05
09-Oct-18,10301.05
10-Oct-18,10460.1
11-Oct-18,10234.65
12-Oct-18,10472.5
15-Oct-18,10512.5
16-Oct-18,10584.75
17-Oct-18,10453.05
19-Oct-18,10303.55
22-Oct-18,10245.25
23-Oct-18,10146.8
24-Oct-18,10224.75
25-Oct-18,10124.9
26-Oct-18,10030
29-Oct-18,10250.85
30-Oct-18,10198.4
31-Oct-18,10386.6
01-Nov-18,10380.45
02-Nov-18,10553
05-Nov-18,10524
06-Nov-18,10530
07-Nov-18,10598.4
09-Nov-18,10585.2
12-Nov-18,10482.2
13-Nov-18,10582.5
14-Nov-18,10576.3
15-Nov-18,10616.7
16-Nov-18,10682.2
19-Nov-18,10763.4
20-Nov-18,10656.2
21-Nov-18,10600.05
22-Nov-18,10526.75
26-Nov-18,10628.6
27-Nov-18,10685.6
28-Nov-18,10728.85
29-Nov-18,10858.7
30-Nov-18,10876.75
03-Dec-18,10883.75
04-Dec-18,10869.5
05-Dec-18,10782.9
06-Dec-18,10601.15
07-Dec-18,10693.7
10-Dec-18,10488.45
11-Dec-18,10549.15
12-Dec-18,10737.6
13-Dec-18,10791.55
14-Dec-18,10805.45
17-Dec-18,10888.35
18-Dec-18,10908.7
19-Dec-18,10967.3
20-Dec-18,10951.7
21-Dec-18,10754
24-Dec-18,10663.5
26-Dec-18,10729.85
27-Dec-18,10779.8
28-Dec-18,10859.9
31-Dec-18,10862.55
01-Jan-19,10910.1
02-Jan-19,10792.5
03-Jan-19,10672.25
04-Jan-19,10727.35
07-Jan-19,10771.8
08-Jan-19,10802.15
09-Jan-19,10855.15
10-Jan-19,10821.6
11-Jan-19,10794.95
14-Jan-19,10737.6
15-Jan-19,10886.8
16-Jan-19,10890.3
17-Jan-19,10905.2
18-Jan-19,10906.95
21-Jan-19,10961.85
22-Jan-19,10922.75
23-Jan-19,10831.5
24-Jan-19,10849.8
25-Jan-19,10780.55
28-Jan-19,10661.55
29-Jan-19,10652.2
30-Jan-19,10651.8
31-Jan-19,10830.95
01-Feb-19,10893.65
04-Feb-19,10912.25
05-Feb-19,10934.35
06-Feb-19,11062.45
07-Feb-19,11069.4
08-Feb-19,10943.6
11-Feb-19,10888.8
12-Feb-19,10831.4
13-Feb-19,10793.65
14-Feb-19,10746.05
15-Feb-19,10724.4
18-Feb-19,10640.95
19-Feb-19,10604.35
20-Feb-19,10735.45
21-Feb-19,10789.85
22-Feb-19,10791.65
25-Feb-19,10880.1
26-Feb-19,10835.3
27-Feb-19,10806.65
28-Feb-19,10792.5
01-Mar-19,10863.5
05-Mar-19,10987.45
06-Mar-19,11053
07-Mar-19,11058.2
08-Mar-19,11035.4
11-Mar-19,11168.05
12-Mar-19,11301.2
13-Mar-19,11341.7
14-Mar-19,11343.25
15-Mar-19,11426.85
18-Mar-19,11462.2
19-Mar-19,11532.4
20-Mar-19,11521.05
22-Mar-19,11456.9
25-Mar-19,11354.25
26-Mar-19,11483.25
27-Mar-19,11445.05
28-Mar-19,11570
29-Mar-19,11623.9
01-Apr-19,11669.15
02-Apr-19,11713.2
03-Apr-19,11643.95
04-Apr-19,11598
05-Apr-19,11665.95
08-Apr-19,11604.5
09-Apr-19,11671.95
10-Apr-19,11584.3
11-Apr-19,11596.7
12-Apr-19,11643.45
15-Apr-19,11690.35
16-Apr-19,11787.15
18-Apr-19,11752.8
22-Apr-19,11594.45
23-Apr-19,11575.95
24-Apr-19,11726.15
25-Apr-19,11641.8
26-Apr-19,11754.65
30-Apr-19,11748.15
02-May-19,11724.75
03-May-19,11712.25
06-May-19,11598.25
07-May-19,11497.9
08-May-19,11359.45
09-May-19,11301.8
10-May-19,11278.9
13-May-19,11148.2
14-May-19,11222.05
15-May-19,11157
16-May-19,11257.1
17-May-19,11407.15
20-May-19,11828.25
21-May-19,11709.1
22-May-19,11737.9
23-May-19,11657.05
24-May-19,11844.1
27-May-19,11924.75
28-May-19,11928.75
29-May-19,11861.1
30-May-19,11945.9
31-May-19,11922.8
03-Jun-19,12088.55
04-Jun-19,12021.65
06-Jun-19,11843.75
07-Jun-19,11870.65
10-Jun-19,11922.7
11-Jun-19,11965.6
12-Jun-19,11906.2
13-Jun-19,11914.05
14-Jun-19,11823.3
17-Jun-19,11672.15
18-Jun-19,11691.5
19-Jun-19,11691.45
20-Jun-19,11831.75
21-Jun-19,11724.1
24-Jun-19,11699.65
25-Jun-19,11796.45
26-Jun-19,11847.55
27-Jun-19,11841.55
28-Jun-19,11788.85
01-Jul-19,11865.6
02-Jul-19,11910.3
03-Jul-19,11916.75
04-Jul-19,11946.75
05-Jul-19,11811.15
08-Jul-19,11558.6
09-Jul-19,11555.9
10-Jul-19,11498.9
11-Jul-19,11582.9
12-Jul-19,11552.5
15-Jul-19,11588.35
16-Jul-19,11662.6
17-Jul-19,11687.5
18-Jul-19,11596.9
19-Jul-19,11419.25
22-Jul-19,11346.2
23-Jul-19,11331.05
24-Jul-19,11271.3
25-Jul-19,11252.15
26-Jul-19,11284.3
29-Jul-19,11189.2
30-Jul-19,11085.4
31-Jul-19,11118
01-Aug-19,10980
02-Aug-19,10997.35
05-Aug-19,10862.6
06-Aug-19,10948.25
07-Aug-19,10855.5
08-Aug-19,11032.45
09-Aug-19,11109.65
13-Aug-19,10925.85
14-Aug-19,11029.4
16-Aug-19,11047.8
19-Aug-19,11053.9
20-Aug-19,11017
21-Aug-19,10918.7
22-Aug-19,10741.35
23-Aug-19,10829.35
26-Aug-19,11057.85
27-Aug-19,11105.35
28-Aug-19,11046.1
29-Aug-19,10948.3
30-Aug-19,11023.25
03-Sep-19,10797.9
04-Sep-19,10844.65
05-Sep-19,10847.9
06-Sep-19,10946.2
09-Sep-19,11003.05
11-Sep-19,11035.7
12-Sep-19,10982.8
13-Sep-19,11075.9
16-Sep-19,11003.5
17-Sep-19,10817.6
18-Sep-19,10840.65
19-Sep-19,10704.8
20-Sep-19,11274.2
23-Sep-19,11600.2
24-Sep-19,11588.2
25-Sep-19,11440.2
26-Sep-19,11571.2
27-Sep-19,11512.4
30-Sep-19,11474.45
01-Oct-19,11359.9
03-Oct-19,11314
04-Oct-19,11174.75
07-Oct-19,11126.4
09-Oct-19,11313.3
10-Oct-19,11234.55
11-Oct-19,11305.05
14-Oct-19,11341.15
15-Oct-19,11428.3
16-Oct-19,11464
17-Oct-19,11586.35
18-Oct-19,11661.85
22-Oct-19,11588.35
23-Oct-19,11604.1
24-Oct-19,11582.6
25-Oct-19,11583.9
27-Oct-19,11627.15
29-Oct-19,11786.85
30-Oct-19,11844.1
31-Oct-19,11877.45
01-Nov-19,11890.6
04-Nov-19,11941.3
05-Nov-19,11917.2
06-Nov-19,11966.05
07-Nov-19,12012.05
08-Nov-19,11908.15
11-Nov-19,11913.45
13-Nov-19,11840.45
14-Nov-19,11872.1
15-Nov-19,11895.45
18-Nov-19,11884.5
19-Nov-19,11940.1
20-Nov-19,11999.1
21-Nov-19,11968.4
22-Nov-19,11914.4
25-Nov-19,12073.75
26-Nov-19,12037.7
27-Nov-19,12100.7
28-Nov-19,12151.15
29-Nov-19,12056.05
02-Dec-19,12048.2
03-Dec-19,11994.2
04-Dec-19,12043.2
05-Dec-19,12018.4
06-Dec-19,11921.5
09-Dec-19,11937.5
10-Dec-19,11856.8
11-Dec-19,11910.15
12-Dec-19,11971.8
13-Dec-19,12086.7
16-Dec-19,12053.95
17-Dec-19,12165
18-Dec-19,12221.65
19-Dec-19,12259.7
20-Dec-19,12271.8
23-Dec-19,12262.75
24-Dec-19,12214.55
26-Dec-19,12126.55
27-Dec-19,12245.8
30-Dec-19,12255.85
31-Dec-19,12168.45
01-Jan-20,12182.5
02-Jan-20,12282.2
03-Jan-20,12226.65
06-Jan-20,11993.05
07-Jan-20,12052.95
08-Jan-20,12025.35
09-Jan-20,12215.9
10-Jan-20,12256.8
13-Jan-20,12329.55
14-Jan-20,12362.3
15-Jan-20,12343.3
16-Jan-20,12355.5
17-Jan-20,12352.35
20-Jan-20,12224.55
21-Jan-20,12169.85
22-Jan-20,12106.9
23-Jan-20,12180.35
24-Jan-20,12248.25
27-Jan-20,12119
28-Jan-20,12055.8
29-Jan-20,12129.5
30-Jan-20,12035.8
31-Jan-20,11962.1
01-Feb-20,11661.85
03-Feb-20,11707.9
04-Feb-20,11979.65
05-Feb-20,12089.15
06-Feb-20,12137.95
07-Feb-20,12098.35
10-Feb-20,12031.5
11-Feb-20,12107.9
12-Feb-20,12201.2
13-Feb-20,12174.65
14-Feb-20,12113.45
17-Feb-20,12045.8
18-Feb-20,11992.5
19-Feb-20,12125.9
20-Feb-20,12080.85
24-Feb-20,11829.4
25-Feb-20,11797.9
26-Feb-20,11678.5
27-Feb-20,11633.3
28-Feb-20,11201.75
02-Mar-20,11132.75
03-Mar-20,11303.3
04-Mar-20,11251
05-Mar-20,11269
06-Mar-20,10989.45
09-Mar-20,10451.45
11-Mar-20,10458.4
12-Mar-20,9590.15
13-Mar-20,9955.2
16-Mar-20,9197.4
17-Mar-20,8967.05
18-Mar-20,8468.8
19-Mar-20,8263.45
20-Mar-20,8745.45
23-Mar-20,7610.25
24-Mar-20,7801.05
25-Mar-20,8317.85
26-Mar-20,8641.45
27-Mar-20,8660.25
30-Mar-20,8281.1
31-Mar-20,8597.75
01-Apr-20,8253.8
03-Apr-20,8083.8
07-Apr-20,8792.2
08-Apr-20,8748.75
09-Apr-20,9111.9
13-Apr-20,8993.85
15-Apr-20,8925.3
16-Apr-20,8992.8
17-Apr-20,9266.75
20-Apr-20,9261.85
21-Apr-20,8981.45
22-Apr-20,9187.3
23-Apr-20,9313.9
24-Apr-20,9154.4
27-Apr-20,9282.3
28-Apr-20,9380.9
29-Apr-20,9553.35
30-Apr-20,9859.9
04-May-20,9293.5
05-May-20,9205.6
06-May-20,9270.9
07-May-20,9199.05
08-May-20,9251.5
11-May-20,9239.2
12-May-20,9196.55
13-May-20,9383.55
14-May-20,9142.75
15-May-20,9136.85
18-May-20,8823.25
19-May-20,8879.1
20-May-20,9066.55
21-May-20,9106.25
22-May-20,9039.25
26-May-20,9029.05
27-May-20,9314.95
28-May-20,9490.1
29-May-20,9580.3
01-Jun-20,9826.15
02-Jun-20,9979.1
03-Jun-20,10061.55
04-Jun-20,10029.1
05-Jun-20,10142.15
08-Jun-20,10167.45
09-Jun-20,10046.65
10-Jun-20,10116.15
11-Jun-20,9902
12-Jun-20,9972.9
15-Jun-20,9813.7
16-Jun-20,9914
17-Jun-20,9881.15
18-Jun-20,10091.65
19-Jun-20,10244.4
22-Jun-20,10311.2
23-Jun-20,10471
24-Jun-20,10305.3
25-Jun-20,10288.9
26-Jun-20,10383
29-Jun-20,10312.4
30-Jun-20,10302.1
01-Jul-20,10430.05
02-Jul-20,10551.7
03-Jul-20,10607.35
06-Jul-20,10763.65
07-Jul-20,10799.65
08-Jul-20,10705.75
09-Jul-20,10813.45
10-Jul-20,10768.05
13-Jul-20,10802.7
14-Jul-20,10607.35
15-Jul-20,10618.2
16-Jul-20,10739.95
17-Jul-20,10901.7
20-Jul-20,11022.2
21-Jul-20,11162.25
22-Jul-20,11132.6
23-Jul-20,11215.45
24-Jul-20,11194.15
27-Jul-20,11131.8
28-Jul-20,11300.55
29-Jul-20,11202.85
30-Jul-20,11102.15
31-Jul-20,11073.45
03-Aug-20,10891.6
04-Aug-20,11095.25
05-Aug-20,11101.65
06-Aug-20,11200.15
07-Aug-20,11214.05
10-Aug-20,11270.15
11-Aug-20,11322.5
12-Aug-20,11308.4
13-Aug-20,11300.45
14-Aug-20,11178.4
17-Aug-20,11247.1
18-Aug-20,11385.35
19-Aug-20,11408.4
20-Aug-20,11312.2
21-Aug-20,11371.6
24-Aug-20,11466.45
25-Aug-20,11472.25
26-Aug-20,11549.6
27-Aug-20,11559.25
28-Aug-20,11647.6
31-Aug-20,11387.5
01-Sep-20,11470.25
02-Sep-20,11535
03-Sep-20,11527.45
04-Sep-20,11333.85
07-Sep-20,11355.05
08-Sep-20,11317.35
09-Sep-20,11278
10-Sep-20,11449.25
11-Sep-20,11464.45
14-Sep-20,11440.05
15-Sep-20,11521.8
16-Sep-20,11604.55
17-Sep-20,11516.1
18-Sep-20,11504.95
21-Sep-20,11250.55
22-Sep-20,11153.65
23-Sep-20,11131.85
24-Sep-20,10805.55
25-Sep-20,11050.25
28-Sep-20,11227.55
29-Sep-20,11222.4
30-Sep-20,11247.55
01-Oct-20,11416.95
05-Oct-20,11503.35
06-Oct-20,11662.4
07-Oct-20,11738.85
08-Oct-20,11834.6
09-Oct-20,11914.2
12-Oct-20,11930.95
13-Oct-20,11934.5
14-Oct-20,11971.05
15-Oct-20,11680.35
16-Oct-20,11762.45
19-Oct-20,11873.05
20-Oct-20,11896.8
21-Oct-20,11937.65
22-Oct-20,11896.45
23-Oct-20,11930.35
26-Oct-20,11767.75
27-Oct-20,11889.4
28-Oct-20,11729.6
29-Oct-20,11670.8
30-Oct-20,11642.4
02-Nov-20,11669.15
03-Nov-20,11813.5
04-Nov-20,11908.5
05-Nov-20,12120.3
06-Nov-20,12263.55
09-Nov-20,12461.05
10-Nov-20,12631.1
11-Nov-20,12749.15
12-Nov-20,12690.8
13-Nov-20,12719.95
14-Nov-20,12780.25
17-Nov-20,12874.2
18-Nov-20,12938.25
19-Nov-20,12771.7
20-Nov-20,12859.05
23-Nov-20,12926.45
24-Nov-20,13055.15
25-Nov-20,12858.4
26-Nov-20,12987
27-Nov-20,12968.95
01-Dec-20,13109.05
02-Dec-20,13113.75
03-Dec-20,13133.9
04-Dec-20,13258.55
07-Dec-20,13355.75
08-Dec-20,13392.95
09-Dec-20,13529.1
10-Dec-20,13478.3
11-Dec-20,13513.85
14-Dec-20,13558.15
15-Dec-20,13567.85
16-Dec-20,13682.7
17-Dec-20,13740.7
18-Dec-20,13760.55
21-Dec-20,13328.4
22-Dec-20,13466.3
23-Dec-20,13601.1
24-Dec-20,13749.25
28-Dec-20,13873.2
29-Dec-20,13932.6
30-Dec-20,13981.95
31-Dec-20,13981.75
01-Jan-21,14018.5
04-Jan-21,14132.9
05-Jan-21,14199.5
06-Jan-21,14146.25
07-Jan-21,14137.35
08-Jan-21,14347.25
11-Jan-21,14484.75
12-Jan-21,14563.45
13-Jan-21,14564.85
14-Jan-21,14595.6
15-Jan-21,14433.7
18-Jan-21,14281.3
19-Jan-21,14521.15
20-Jan-21,14644.7
21-Jan-21,14590.35
22-Jan-21,14371.9
25-Jan-21,14238.9
27-Jan-21,13967.5
28-Jan-21,13817.55
29-Jan-21,13634.6
01-Feb-21,14281.2
02-Feb-21,14647.85
03-Feb-21,14789.95
04-Feb-21,14895.65
05-Feb-21,14924.25
08-Feb-21,15115.8
09-Feb-21,15109.3
10-Feb-21,15106.5
11-Feb-21,15173.3
12-Feb-21,15163.3
15-Feb-21,15314.7
16-Feb-21,15313.45
17-Feb-21,15208.9
18-Feb-21,15119
19-Feb-21,14981.75
22-Feb-21,14675.7
23-Feb-21,14707.8
24-Feb-21,14767.5
25-Feb-21,15097.4
26-Feb-21,14529.1
01-Mar-21,14761.5
02-Mar-21,14919.1
03-Mar-21,15245.6
04-Mar-21,15080.8
05-Mar-21,14938.1
08-Mar-21,14956.2
09-Mar-21,15098.4
10-Mar-21,15174.8
12-Mar-21,15031
15-Mar-21,14929.5
16-Mar-21,14910.5
17-Mar-21,14721.3
18-Mar-21,14557.9
19-Mar-21,14744
22-Mar-21,14736.4
23-Mar-21,14814.8
24-Mar-21,14549.4
25-Mar-21,14324.9
26-Mar-21,14507.3
30-Mar-21,14845.1
31-Mar-21,14690.7
01-Apr-21,14865.95
05-Apr-21,14637.8
06-Apr-21,14683.5
07-Apr-21,14819
08-Apr-21,14873.8
09-Apr-21,14834.9
12-Apr-21,14310.8
13-Apr-21,14504.8
15-Apr-21,14581.5
16-Apr-21,14617.9
19-Apr-21,14359.5
20-Apr-21,14296.4
22-Apr-21,14406.1
23-Apr-21,14341.4
26-Apr-21,14485
27-Apr-21,14653
28-Apr-21,14864.5
29-Apr-21,14894.9
30-Apr-21,14631.1
03-May-21,14634.1
04-May-21,14496.5
05-May-21,14617.9
06-May-21,14724.8
07-May-21,14823.1
10-May-21,14949.4
11-May-21,14850.8
12-May-21,14696.5
14-May-21,14677.8
17-May-21,14923.1
18-May-21,15108.1
19-May-21,15030.1
20-May-21,14906
21-May-21,15175.3
24-May-21,15197.7
25-May-21,15208.5
26-May-21,15301.45
27-May-21,15337.9
28-May-21,15435.6
31-May-21,15582.8
01-Jun-21,15574.9
02-Jun-21,15576.2
03-Jun-21,15690.4
04-Jun-21,15670.3
07-Jun-21,15751.6
08-Jun-21,15740.1
10-Jun-21,15737.8
11-Jun-21,15799.4
14-Jun-21,15811.9
15-Jun-21,15859.2
16-Jun-21,15767.5
17-Jun-21,15691.4
18-Jun-21,15683.4
21-Jun-21,15746.5
22-Jun-21,15772.8
23-Jun-21,15687
24-Jun-21,15790.5
25-Jun-21,15847.6
28-Jun-21,15825
29-Jun-21,15748.5
30-Jun-21,15721.5
01-Jul-21,15680
02-Jul-21,15722.2
05-Jul-21,15834.4
06-Jul-21,15818.3
07-Jul-21,15879.6
08-Jul-21,15727.9
09-Jul-21,15689.8
12-Jul-21,15692.6
13-Jul-21,15812.4
14-Jul-21,15854
15-Jul-21,15924.2
16-Jul-21,15923.4
19-Jul-21,15752.4
22-Jul-21,15824
23-Jul-21,15856
26-Jul-21,15824.5
27-Jul-21,15746.5
28-Jul-21,15709.4
29-Jul-21,15778.5
30-Jul-21,15763
02-Aug-21,15885.1
03-Aug-21,16130.8
04-Aug-21,16258.8
05-Aug-21,16294.6
06-Aug-21,16238.2
09-Aug-21,16258.3
10-Aug-21,16268.3
11-Aug-21,16275.95
12-Aug-21,16364.4
13-Aug-21,16529.1
18-Aug-21,16568.8
20-Aug-21,16450.5
23-Aug-21,16496.5
24-Aug-21,16624.6
25-Aug-21,16634.7
26-Aug-21,16636.9
27-Aug-21,16705.2
30-Aug-21,16931
31-Aug-21,17132.2
01-Sep-21,17076.3
02-Sep-21,17234.2
03-Sep-21,17323.6
06-Sep-21,17377.8
07-Sep-21,17362.1
08-Sep-21,17353.5
09-Sep-21,17369.3
13-Sep-21,17355.3
14-Sep-21,17380
15-Sep-21,17519.5
16-Sep-21,17629.5
17-Sep-21,17585.2
20-Sep-21,17396.9
21-Sep-21,17562
22-Sep-21,17546.7
23-Sep-21,17823
24-Sep-21,17853.2
27-Sep-21,17855.1
28-Sep-21,17748.6
29-Sep-21,17711.3
30-Sep-21,17618.2
01-Oct-21,17532
04-Oct-21,17691.3
05-Oct-21,17822.3
06-Oct-21,17646
07-Oct-21,17790.3
08-Oct-21,17895.2
11-Oct-21,17946
12-Oct-21,17992
13-Oct-21,18161.8
18-Oct-21,18477
20-Oct-21,18266.6
21-Oct-21,18178.1
22-Oct-21,18114.9
25-Oct-21,18125.4
26-Oct-21,18268.4
27-Oct-21,18211
28-Oct-21,17857.3
29-Oct-21,17671.7
01-Nov-21,17929.7
02-Nov-21,17889
03-Nov-21,17829.2
08-Nov-21,18068.5
09-Nov-21,18044.3
10-Nov-21,18017.2
11-Nov-21,17873.6
12-Nov-21,18102.8
15-Nov-21,18109.5
16-Nov-21,17999.2
17-Nov-21,17898.7
22-Nov-21,17416.5
23-Nov-21,17503.3
24-Nov-21,17415
25-Nov-21,17536.3
26-Nov-21,17026.5
29-Nov-21,17054
30-Nov-21,16983.2
01-Dec-21,17166.9
02-Dec-21,17401.7
03-Dec-21,17196.7
06-Dec-21,16912.3
07-Dec-21,17176.7
08-Dec-21,17469.8
09-Dec-21,17516.8
10-Dec-21,17511.3
13-Dec-21,17368.3
14-Dec-21,17324.9
15-Dec-21,17221.4
16-Dec-21,17248.4
17-Dec-21,16985.2
20-Dec-21,16614.2
21-Dec-21,16770.8
22-Dec-21,16955.5
23-Dec-21,17072.6
24-Dec-21,17003.8
27-Dec-21,17086.3
28-Dec-21,17233.3
29-Dec-21,17213.6
30-Dec-21,17204
31-Dec-21,17354
03-Jan-22,17625.7
04-Jan-22,17805.3
05-Jan-22,17925.3
06-Jan-22,17745.9
07-Jan-22,17812.7
10-Jan-22,18003.3
11-Jan-22,18055.8
12-Jan-22,18212.3
13-Jan-22,18257.8
14-Jan-22,18255.8
17-Jan-22,18308.1
18-Jan-22,18113
19-Jan-22,17938.4
20-Jan-22,17757
21-Jan-22,17617.2
24-Jan-22,17149.1
25-Jan-22,17278
27-Jan-22,17110.2
28-Jan-22,17102
31-Jan-22,17339.8
01-Feb-22,17576.8
02-Feb-22,17780
03-Feb-22,17560.2
04-Feb-22,17516.3
07-Feb-22,17213.6
08-Feb-22,17266.8
09-Feb-22,17463.8
10-Feb-22,17605.8
11-Feb-22,17374.8
14-Feb-22,16842.8
15-Feb-22,17352.5
16-Feb-22,17322.2
17-Feb-22,17304.6
18-Feb-22,17276.3
21-Feb-22,17206.7
22-Feb-22,17092.2
23-Feb-22,17063.3
24-Feb-22,16248
25-Feb-22,16658.4
28-Feb-22,16793.9
02-Mar-22,16606
03-Mar-22,16498
04-Mar-22,16245.4
07-Mar-22,15863.1
08-Mar-22,16013.5
09-Mar-22,16345.4
10-Mar-22,16594.9
11-Mar-22,16630.5
14-Mar-22,16871.3
15-Mar-22,16663
16-Mar-22,16975.3
17-Mar-22,17287
21-Mar-22,17117.6
22-Mar-22,17315.5
23-Mar-22,17245.7
24-Mar-22,17222.8
25-Mar-22,17153
28-Mar-22,17222
29-Mar-22,17325.3
30-Mar-22,17498.3
31-Mar-22,17464.8
01-Apr-22,17688.35
04-Apr-22,18053.4
05-Apr-22,17957.4
06-Apr-22,17807.7
07-Apr-22,17639.5
08-Apr-22,17784.3
11-Apr-22,17675
12-Apr-22,17530.3
13-Apr-22,17475.7
18-Apr-22,17173.7
19-Apr-22,16958.7
20-Apr-22,17136.5
21-Apr-22,17392.6
22-Apr-22,17172
25-Apr-22,16954
26-Apr-22,17200.8
27-Apr-22,17038.4
28-Apr-22,17245
29-Apr-22,17102.5
04-May-22,16677.6
05-May-22,16682.7
06-May-22,16411.3
09-May-22,16301.9
10-May-22,16240
11-May-22,16167.1
12-May-22,15808
13-May-22,15782.1
16-May-22,15864.5
17-May-22,16259.3
18-May-22,16240.3
19-May-22,15809.4
20-May-22,16266.1
23-May-22,16214.7
24-May-22,16125.1
25-May-22,16025.8
26-May-22,16170.1
27-May-22,16352.5
30-May-22,16661.4
31-May-22,16584.5
01-Jun-22,16522.8
02-Jun-22,16628
03-Jun-22,16584.3
06-Jun-22,16569.5
07-Jun-22,16416.3
08-Jun-22,16356.3
09-Jun-22,16478.1
10-Jun-22,16201.8
13-Jun-22,15774.4
14-Jun-22,15732.1
15-Jun-22,15692.1
16-Jun-22,15360.6
17-Jun-22,15293.5
20-Jun-22,15350.1
21-Jun-22,15638.8
22-Jun-22,15413.3
23-Jun-22,15556.6
24-Jun-22,15699.3
27-Jun-22,15832
28-Jun-22,15850.2
29-Jun-22,15799.1
30-Jun-22,15780.3
01-Jul-22,15752
04-Jul-22,15835.4
05-Jul-22,15810.9
06-Jul-22,15989.8
07-Jul-22,16132.9
08-Jul-22,16220.6
11-Jul-22,16216
12-Jul-22,16058.3
13-Jul-22,15966.6
14-Jul-22,15938.6
15-Jul-22,16049.2
18-Jul-22,16278.5
19-Jul-22,16340.5
20-Jul-22,16520.8
21-Jul-22,16605.3
22-Jul-22,16719.5
25-Jul-22,16631
26-Jul-22,16483.8
27-Jul-22,16641.8
28-Jul-22,16929.6
29-Jul-22,17158.3
01-Aug-22,17340
02-Aug-22,17345.5
03-Aug-22,17388.2
04-Aug-22,17382
05-Aug-22,17397.5
08-Aug-22,17525.1
10-Aug-22,17534.8
11-Aug-22,17659
12-Aug-22,17698.2
17-Aug-22,17929.05
18-Aug-22,17956.5
19-Aug-22,17758.5
22-Aug-22,17490.69922
23-Aug-22,17577.5
24-Aug-22,17604.94922
25-Aug-22,17522.44922
26-Aug-22,17558.90039
29-Aug-22,17312.90039
30-Aug-22,17759.30078
01-Sep-22,17542.80078
02-Sep-22,17539.44922
05-Sep-22,17665.80078
06-Sep-22,17655.59961
07-Sep-22,17624.40039
08-Sep-22,17798.75
09-Sep-22,17833.34961
12-Sep-22,17936.34961
13-Sep-22,18070.05078
14-Sep-22,18003.75
15-Sep-22,17877.40039
16-Sep-22,17530.84961
19-Sep-22,17622.25
20-Sep-22,17816.25
21-Sep-22,17718.34961
22-Sep-22,17629.80078
23-Sep-22,17327.34961
26-Sep-22,17016.30078
27-Sep-22,17007.40039
28-Sep-22,16858.59961
29-Sep-22,16818.09961
30-Sep-22,17094.34961
03-Oct-22,16887.34961
04-Oct-22,17274.30078
06-Oct-22,17331.80078
07-Oct-22,17314.65039
10-Oct-22,17241
11-Oct-22,16983.55078
12-Oct-22,17123.59961
13-Oct-22,17014.34961
14-Oct-22,17185.69922
17-Oct-22,17311.80078
18-Oct-22,17486.94922
19-Oct-22,17512.25
20-Oct-22,17563.94922
21-Oct-22,17576.30078
24-Oct-22,17730.75
25-Oct-22,17656.34961
27-Oct-22,17736.94922
28-Oct-22,17786.80078
31-Oct-22,18012.19922
01-Nov-22,18145.40039
02-Nov-22,18082.84961
03-Nov-22,18052.69922
04-Nov-22,18117.15039
07-Nov-22,18202.80078
09-Nov-22,18157
10-Nov-22,18028.19922
11-Nov-22,18349.69922
14-Nov-22,18329.15039
15-Nov-22,18403.40039
16-Nov-22,18409.65039
17-Nov-22,18343.90039
18-Nov-22,18307.65039
21-Nov-22,18159.94922
22-Nov-22,18244.19922
23-Nov-22,18267.25
24-Nov-22,18484.09961
25-Nov-22,18512.75
28-Nov-22,18562.75
29-Nov-22,18618.05078
30-Nov-22,18758.34961
01-Dec-22,18812.5
02-Dec-22,18696.09961
05-Dec-22,18701.05078
06-Dec-22,18642.75
07-Dec-22,18560.5
08-Dec-22,18609.34961
09-Dec-22,18496.59961
12-Dec-22,18497.15039
13-Dec-22,18608
14-Dec-22,18660.30078
15-Dec-22,18414.90039
16-Dec-22,18269
19-Dec-22,18420.44922
20-Dec-22,18385.30078
21-Dec-22,18199.09961
22-Dec-22,18127.34961
23-Dec-22,17806.80078
26-Dec-22,18014.59961
27-Dec-22,18132.30078
28-Dec-22,18122.5
29-Dec-22,18191
30-Dec-22,18105.30078
02-Jan-23,18197.44922
03-Jan-23,18232.55078
04-Jan-23,18042.94922
05-Jan-23,17992.15039
06-Jan-23,17859.44922
09-Jan-23,18101.19922
10-Jan-23,17914.15039
11-Jan-23,17895.69922
12-Jan-23,17858.19922
13-Jan-23,17956.59961
16-Jan-23,17894.84961
17-Jan-23,18053.30078
18-Jan-23,18165.34961
19-Jan-23,18107.84961
20-Jan-23,18027.65039
23-Jan-23,18118.55078
24-Jan-23,18118.30078
25-Jan-23,17891.94922
27-Jan-23,17604.34961
30-Jan-23,17649
31-Jan-23,17662.2
01-Feb-23,17616.3
02-Feb-23,17610.4
03-Feb-23,17854
06-Feb-23,17764.6
07-Feb-23,17721.5
08-Feb-23,17871.7
09-Feb-23,17893.5
10-Feb-23,17856.5
13-Feb-23,17770.9
14-Feb-23,17929.8
15-Feb-23,18015.8
16-Feb-23,18035.8
17-Feb-23,17944.2
20-Feb-23,17844.6
21-Feb-23,17826.7
22-Feb-23,17554.3
23-Feb-23,17511.3
24-Feb-23,17465.8
27-Feb-23,17392.7
28-Feb-23,17304
01-Mar-23,17450.9
02-Mar-23,17321.9
03-Mar-23,17594.3
06-Mar-23,17711.5
08-Mar-23,17754.4
09-Mar-23,17589.6
10-Mar-23,17412.9
13-Mar-23,17154.3
14-Mar-23,17043.3
15-Mar-23,16972.2
16-Mar-23,16985.6
17-Mar-23,17100
20-Mar-23,16988.4
21-Mar-23,17107.5
23-Mar-23,17076.9
24-Mar-23,16945
27-Mar-23,16985.7
28-Mar-23,16951.7
29-Mar-23,17080.7
31-Mar-23,17359.8
03-Apr-23,17398
05-Apr-23,17557
06-Apr-23,17599.2
10-Apr-23,17624
11-Apr-23,17722.3
12-Apr-23,17812.4
13-Apr-23,17828
17-Apr-23,17706.8
18-Apr-23,17660.2
19-Apr-23,17610.2
20-Apr-23,17624.5
21-Apr-23,17624
24-Apr-23,17743.4
25-Apr-23,17769.3
26-Apr-23,17813.6
27-Apr-23,17915
28-Apr-23,18065
02-May-23,18147.7
03-May-23,18089.8
04-May-23,18255.8
08-May-23,18264.4
09-May-23,18266
10-May-23,18315.1
11-May-23,18297
12-May-23,18314.8
15-May-23,18398.8
16-May-23,18286.5
17-May-23,18196.1
18-May-23,18130
19-May-23,18203.4
22-May-23,18314.4
23-May-23,18348
24-May-23,18285.4
25-May-23,18321.2
26-May-23,18499.3
29-May-23,18598.7
30-May-23,18633.8
31-May-23,18534.4
01-Jun-23,18487.8
02-Jun-23,18534.1
05-Jun-23,18593.8
06-Jun-23,18599
07-Jun-23,18726.4
08-Jun-23,18634.5
09-Jun-23,18563.4
12-Jun-23,18601.5
13-Jun-23,18716.2
14-Jun-23,18749.65
15-Jun-23,18682.15
16-Jun-23,18826
19-Jun-23,18755.5
20-Jun-23,18833.7
21-Jun-23,18856.8
22-Jun-23,18771.3
23-Jun-23,18665.5
26-Jun-23,18694.7
27-Jun-23,18818.6
28-Jun-23,18993
30-Jun-23,19189
03-Jul-23,19322.5
04-Jul-23,19389
05-Jul-23,19398.5
06-Jul-23,19497.3
07-Jul-23,19331.8
10-Jul-23,19367.85
11-Jul-23,19439.4
12-Jul-23,19384.3
13-Jul-23,19413.8
14-Jul-23,19590.1
Jul-17-2023,19721.15
Jul-18-2023,19749.3
Jul-19-2023,19833.2
Jul-20-2023,19969.95
Jul-21-2023,19780.9
Jul-24-2023,19672.3
Jul-25-2023,19680.6
Jul-26-2023,19778.3
Jul-27-2023,19659.9
Jul-28-2023,19646
Jul-31-2023,19753.8
Aug-01-2023,19737.3
Aug-02-2023,19514.45
Aug-03-2023,19391.5
Aug-04-2023,19517
Aug-07-2023,19597.95
Aug-08-2023,19570.8
Aug-09-2023,19632.5
Aug-10-2023,19543.1
Aug-11-2023,19428.3
Aug-14-2023,19413.65
Aug-16-2023,19465
Aug-17-2023,19365.3
Aug-18-2023,19282.35
Aug-21-2023,19380.15
Aug-22-2023,19396.5
Aug-23-2023,19444
Aug-24-2023,19386.7
Aug-25-2023,19265.8
Aug-28-2023,19306
Aug-29-2023,19342.7
Aug-30-2023,19347.5
Aug-31-2023,19253.8
Sep-01-2023,19423.35
Sep-04-2023,19534.8
Sep-05-2023,19574.9
Sep-06-2023,19618.9
Sep-07-2023,19723.25
Sep-08-2023,19820
Sep-11-2023,20000
Sep-12-2023,19993.2
Sep-13-2023,20063.35
Sep-14-2023,20103.1
Sep-15-2023,20192.3
Sep-18-2023,20133.3
Sep-20-2023,19901.4
Sep-21-2023,19742.3
Sep-22-2023,19674.3
Sep-25-2023,19674.85
Sep-26-2023,19664.7
Sep-27-2023,19716.5
Sep-28-2023,19523.5
Sep-29-2023,19638.3
03-Oct-23,19528.75
04-Oct-23,19436.1
05-Oct-23,19545.75
06-Oct-23,19653.5
09-Oct-23,19512.35
10-Oct-23,19689.85
11-Oct-23,19811.35
12-Oct-23,19794
13-Oct-23,19751.05
16-Oct-23,19731.75
17-Oct-23,19811.5
18-Oct-23,19671.1
19-Oct-23,19624.7
20-Oct-23,19542.65
23-Oct-23,19281.75
25-Oct-23,19122.15
26-Oct-23,18857.25
27-Oct-23,19047.25
30-Oct-23,19140.9
31-Oct-23,19079.6
01-Nov-23,19989.15
02-Nov-23,19133.25
03-Nov-23,19230.6
06-Nov-23,19411.75
07-Nov-23,19406.7
08-Nov-23,"19,443.50"
09-Nov-23,"19,395.30"
10-Nov-23,"19,425.35"
12-Nov-23,"19,525.55"
13-Nov-23,"19,443.55"
15-Nov-23,"19,675.45"
16-Nov-23,"19,765.20"
17-Nov-23,"19,731.80"
20-Nov-23,"19,694.00"
21-Nov-23,"19,783.40"
22-Nov-23,"19,811.85"
23-Nov-23,"19,802.00"
24-Nov-23,"19,794.70"
